TAZ,StateFIPS,CountyFIPS,FIPS
4567,,,
0,01,073,01073
1,01,073,01073
2,01,073,01073
3,01,073,01073
4,01,097,01097
5,01,097,01097
6,01,073,01073
7,01,097,01097
8,04,013,04013
9,04,013,04013
10,04,013,04013
11,04,013,04013
12,04,013,04013
13,04,013,04013
14,04,013,04013
15,04,013,04013
16,04,013,04013
17,04,013,04013
18,04,013,04013
19,04,013,04013
20,04,013,04013
21,04,013,04013
22,04,013,04013
23,04,013,04013
24,04,013,04013
25,04,013,04013
26,04,013,04013
27,04,013,04013
28,04,013,04013
29,04,013,04013
30,04,013,04013
31,04,013,04013
32,04,013,04013
33,04,013,04013
34,04,013,04013
35,04,013,04013
36,04,013,04013
37,04,013,04013
38,04,013,04013
39,04,013,04013
40,04,019,04019
41,04,019,04019
42,04,019,04019
43,04,019,04019
44,04,013,04013
45,04,013,04013
46,04,013,04013
47,04,019,04019
48,04,019,04019
49,04,019,04019
50,04,019,04019
51,04,019,04019
52,05,119,05119
53,05,119,05119
54,06,037,06037
55,06,037,06037
56,06,037,06037
57,06,037,06037
58,06,037,06037
59,06,019,06019
60,06,019,06019
61,06,037,06037
62,06,037,06037
63,06,037,06037
64,06,037,06037
65,06,037,06037
66,06,037,06037
67,06,037,06037
68,06,037,06037
69,06,037,06037
70,06,037,06037
71,06,037,06037
72,06,037,06037
73,06,001,06001
74,06,001,06001
75,06,001,06001
76,06,001,06001
77,06,001,06001
78,06,001,06001
79,06,001,06001
80,06,001,06001
81,06,001,06001
82,06,001,06001
83,06,007,06007
84,06,013,06013
85,06,013,06013
86,06,013,06013
87,06,037,06037
88,06,037,06037
89,06,013,06013
90,06,037,06037
91,06,037,06037
92,06,037,06037
93,06,037,06037
94,06,037,06037
95,06,037,06037
96,06,037,06037
97,06,037,06037
98,06,037,06037
99,06,037,06037
100,06,013,06013
101,06,013,06013
102,06,013,06013
103,06,013,06013
104,06,013,06013
105,06,019,06019
106,06,019,06019
107,06,019,06019
108,06,019,06019
109,06,019,06019
110,06,029,06029
111,06,029,06029
112,06,029,06029
113,06,007,06007
114,06,029,06029
115,06,029,06029
116,06,037,06037
117,06,037,06037
118,06,037,06037
119,06,037,06037
120,06,037,06037
121,06,037,06037
122,06,037,06037
123,06,037,06037
124,06,037,06037
125,06,037,06037
126,06,037,06037
127,06,071,06071
128,06,071,06071
129,06,085,06085
130,06,085,06085
131,06,085,06085
132,06,085,06085
133,06,085,06085
134,06,085,06085
135,06,085,06085
136,06,085,06085
137,06,087,06087
138,06,087,06087
139,06,095,06095
140,06,095,06095
141,06,095,06095
142,06,097,06097
143,06,097,06097
144,06,097,06097
145,06,099,06099
146,06,099,06099
147,06,099,06099
148,06,099,06099
149,06,107,06107
150,06,037,06037
151,06,037,06037
152,06,037,06037
153,06,037,06037
154,06,037,06037
155,06,037,06037
156,06,037,06037
157,06,037,06037
158,06,037,06037
159,06,073,06073
160,06,073,06073
161,06,073,06073
162,06,073,06073
163,06,073,06073
164,06,073,06073
165,06,059,06059
166,06,059,06059
167,06,037,06037
168,06,037,06037
169,06,041,06041
170,06,041,06041
171,06,047,06047
172,06,047,06047
173,06,053,06053
174,06,059,06059
175,06,059,06059
176,06,059,06059
177,06,059,06059
178,06,059,06059
179,06,073,06073
180,06,073,06073
181,06,073,06073
182,06,073,06073
183,06,073,06073
184,06,073,06073
185,06,073,06073
186,06,053,06053
187,06,053,06053
188,06,037,06037
189,06,037,06037
190,06,037,06037
191,06,059,06059
192,06,059,06059
193,06,059,06059
194,06,059,06059
195,06,059,06059
196,06,059,06059
197,06,061,06061
198,06,061,06061
199,06,073,06073
200,06,073,06073
201,06,061,06061
202,06,065,06065
203,06,065,06065
204,06,065,06065
205,06,065,06065
206,06,065,06065
207,06,065,06065
208,06,065,06065
209,06,071,06071
210,06,071,06071
211,06,071,06071
212,06,073,06073
213,06,073,06073
214,06,073,06073
215,06,073,06073
216,06,073,06073
217,06,073,06073
218,06,073,06073
219,06,075,06075
220,06,075,06075
221,06,075,06075
222,06,075,06075
223,06,075,06075
224,06,077,06077
225,06,077,06077
226,06,037,06037
227,06,037,06037
228,06,037,06037
229,06,037,06037
230,06,037,06037
231,06,037,06037
232,06,065,06065
233,06,065,06065
234,06,065,06065
235,06,065,06065
236,06,059,06059
237,06,059,06059
238,06,059,06059
239,06,059,06059
240,06,059,06059
241,06,065,06065
242,06,065,06065
243,06,065,06065
244,06,065,06065
245,06,077,06077
246,06,077,06077
247,06,079,06079
248,06,079,06079
249,06,067,06067
250,06,067,06067
251,06,067,06067
252,06,081,06081
253,06,081,06081
254,06,081,06081
255,06,081,06081
256,06,081,06081
257,06,081,06081
258,06,083,06083
259,06,067,06067
260,06,067,06067
261,06,067,06067
262,06,067,06067
263,06,067,06067
264,06,067,06067
265,06,067,06067
266,06,067,06067
267,06,067,06067
268,06,071,06071
269,06,037,06037
270,06,037,06037
271,06,037,06037
272,06,071,06071
273,06,071,06071
274,06,071,06071
275,06,071,06071
276,06,071,06071
277,06,071,06071
278,06,071,06071
279,06,071,06071
280,06,071,06071
281,06,083,06083
282,06,085,06085
283,06,085,06085
284,06,085,06085
285,06,085,06085
286,06,085,06085
287,06,107,06107
288,06,111,06111
289,06,111,06111
290,06,111,06111
291,06,111,06111
292,06,111,06111
293,06,107,06107
294,06,037,06037
295,06,075,06075
296,06,085,06085
297,06,037,06037
298,06,037,06037
299,06,037,06037
300,06,037,06037
301,06,089,06089
302,08,069,08069
303,08,069,08069
304,08,041,08041
305,08,041,08041
306,08,041,08041
307,08,041,08041
308,08,041,08041
309,08,041,08041
310,09,001,09001
311,09,001,09001
312,09,001,09001
313,09,001,09001
314,09,001,09001
315,09,001,09001
316,09,003,09003
317,09,003,09003
318,09,003,09003
319,09,003,09003
320,09,003,09003
321,09,003,09003
322,09,003,09003
323,09,009,09009
324,09,009,09009
325,09,009,09009
326,09,009,09009
327,09,009,09009
328,09,009,09009
329,09,009,09009
330,09,011,09011
331,09,011,09011
332,10,003,10003
333,10,003,10003
334,10,003,10003
335,10,003,10003
336,11,001,11001
337,11,001,11001
338,11,001,11001
339,11,001,11001
340,11,001,11001
341,12,011,12011
342,12,011,12011
343,12,011,12011
344,12,011,12011
345,12,001,12001
346,12,001,12001
347,12,009,12009
348,12,009,12009
349,12,009,12009
350,12,011,12011
351,12,011,12011
352,12,011,12011
353,12,011,12011
354,12,011,12011
355,12,011,12011
356,12,011,12011
357,12,011,12011
358,12,011,12011
359,12,009,12009
360,12,011,12011
361,12,021,12021
362,12,021,12021
363,12,031,12031
364,12,031,12031
365,12,031,12031
366,12,031,12031
367,12,031,12031
368,12,031,12031
369,12,033,12033
370,12,033,12033
371,12,057,12057
372,12,057,12057
373,12,057,12057
374,12,057,12057
375,12,057,12057
376,12,057,12057
377,12,071,12071
378,12,073,12073
379,12,073,12073
380,12,081,12081
381,12,081,12081
382,12,083,12083
383,12,095,12095
384,12,095,12095
385,12,095,12095
386,12,095,12095
387,12,095,12095
388,12,095,12095
389,12,095,12095
390,12,097,12097
391,12,097,12097
392,12,099,12099
393,12,099,12099
394,12,099,12099
395,12,099,12099
396,12,099,12099
397,12,101,12101
398,12,103,12103
399,12,103,12103
400,12,103,12103
401,12,103,12103
402,12,103,12103
403,12,103,12103
404,12,103,12103
405,12,105,12105
406,12,105,12105
407,12,105,12105
408,12,111,12111
409,12,115,12115
410,12,115,12115
411,12,115,12115
412,12,117,12117
413,12,117,12117
414,12,117,12117
415,12,071,12071
416,12,081,12081
417,12,099,12099
418,12,101,12101
419,12,103,12103
420,12,099,12099
421,12,071,12071
422,12,099,12099
423,12,057,12057
424,12,095,12095
425,12,095,12095
426,12,099,12099
427,12,099,12099
428,12,099,12099
429,12,071,12071
430,12,021,12021
431,12,031,12031
432,12,057,12057
433,12,071,12071
434,12,111,12111
435,12,083,12083
436,12,083,12083
437,12,101,12101
438,12,101,12101
439,12,117,12117
440,12,105,12105
441,12,095,12095
442,13,089,13089
443,13,089,13089
444,13,051,13051
445,13,121,13121
446,13,121,13121
447,13,121,13121
448,13,121,13121
449,13,121,13121
450,13,121,13121
451,13,121,13121
452,13,089,13089
453,13,089,13089
454,13,089,13089
455,13,135,13135
456,13,135,13135
457,13,057,13057
458,13,067,13067
459,13,067,13067
460,13,067,13067
461,13,067,13067
462,13,067,13067
463,13,057,13057
464,13,121,13121
465,13,063,13063
466,13,063,13063
467,13,151,13151
468,13,151,13151
469,13,135,13135
470,13,135,13135
471,13,135,13135
472,13,135,13135
473,13,051,13051
474,15,003,15003
475,15,003,15003
476,15,003,15003
477,15,003,15003
478,15,003,15003
479,15,003,15003
480,15,003,15003
481,17,119,17119
482,17,115,17115
483,17,089,17089
484,17,089,17089
485,17,089,17089
486,17,089,17089
487,17,197,17197
488,17,197,17197
489,17,197,17197
490,17,197,17197
491,17,197,17197
492,17,043,17043
493,17,043,17043
494,17,043,17043
495,17,043,17043
496,17,043,17043
497,17,043,17043
498,17,043,17043
499,17,163,17163
500,17,097,17097
501,17,163,17163
502,17,119,17119
503,17,031,17031
504,17,031,17031
505,17,031,17031
506,17,031,17031
507,17,031,17031
508,17,031,17031
509,17,031,17031
510,17,031,17031
511,17,031,17031
512,17,031,17031
513,17,031,17031
514,17,031,17031
515,17,031,17031
516,17,031,17031
517,17,031,17031
518,17,031,17031
519,17,031,17031
520,17,031,17031
521,17,031,17031
522,17,031,17031
523,17,031,17031
524,17,031,17031
525,17,031,17031
526,17,031,17031
527,17,031,17031
528,17,031,17031
529,17,031,17031
530,17,031,17031
531,17,031,17031
532,17,111,17111
533,17,111,17111
534,17,097,17097
535,17,097,17097
536,17,031,17031
537,17,031,17031
538,17,097,17097
539,17,097,17097
540,17,031,17031
541,17,031,17031
542,17,031,17031
543,18,089,18089
544,18,089,18089
545,18,089,18089
546,18,089,18089
547,18,141,18141
548,18,141,18141
549,18,163,18163
550,18,003,18003
551,18,003,18003
552,18,003,18003
553,18,157,18157
554,18,057,18057
555,18,057,18057
556,18,097,18097
557,18,097,18097
558,18,097,18097
559,18,097,18097
560,18,097,18097
561,18,097,18097
562,18,097,18097
563,20,091,20091
564,20,091,20091
565,20,091,20091
566,20,091,20091
567,21,111,21111
568,21,111,21111
569,21,111,21111
570,21,111,21111
571,21,111,21111
572,21,111,21111
573,21,067,21067
574,21,067,21067
575,21,227,21227
576,02,020,02020
577,02,020,02020
578,41,067,41067
579,41,067,41067
580,41,067,41067
581,41,039,41039
582,41,039,41039
583,41,039,41039
584,41,029,41029
585,41,029,41029
586,41,047,41047
587,41,047,41047
588,41,047,41047
589,41,051,41051
590,41,051,41051
591,41,051,41051
592,41,051,41051
593,41,051,41051
594,41,051,41051
595,41,005,41005
596,41,005,41005
597,41,005,41005
598,41,067,41067
599,41,067,41067
600,44,007,44007
601,44,007,44007
602,44,007,44007
603,44,007,44007
604,45,045,45045
605,45,045,45045
606,45,045,45045
607,45,083,45083
608,45,083,45083
609,45,091,45091
610,45,091,45091
611,45,051,45051
612,45,051,45051
613,47,179,47179
614,47,065,47065
615,47,065,47065
616,47,065,47065
617,47,149,47149
618,47,149,47149
619,47,037,47037
620,47,037,47037
621,47,037,47037
622,47,157,47157
623,47,157,47157
624,47,157,47157
625,47,157,47157
626,47,157,47157
627,47,157,47157
628,47,157,47157
629,47,157,47157
630,47,037,47037
631,47,037,47037
632,48,303,48303
633,48,303,48303
634,48,423,48423
635,48,423,48423
636,48,085,48085
637,48,085,48085
638,48,085,48085
639,48,085,48085
640,48,085,48085
641,48,085,48085
642,48,085,48085
643,48,245,48245
644,48,245,48245
645,48,339,48339
646,48,339,48339
647,48,339,48339
648,48,339,48339
649,48,201,48201
650,48,201,48201
651,48,201,48201
652,48,201,48201
653,48,201,48201
654,48,201,48201
655,48,201,48201
656,48,201,48201
657,48,201,48201
658,48,201,48201
659,48,201,48201
660,48,201,48201
661,48,201,48201
662,48,201,48201
663,48,201,48201
664,48,201,48201
665,48,439,48439
666,48,439,48439
667,48,439,48439
668,48,439,48439
669,48,439,48439
670,48,141,48141
671,48,201,48201
672,48,201,48201
673,48,201,48201
674,48,201,48201
675,48,201,48201
676,48,201,48201
677,48,201,48201
678,48,201,48201
679,48,201,48201
680,48,201,48201
681,48,201,48201
682,48,121,48121
683,48,121,48121
684,48,121,48121
685,48,121,48121
686,48,113,48113
687,48,113,48113
688,48,113,48113
689,48,113,48113
690,48,113,48113
691,48,113,48113
692,48,201,48201
693,48,201,48201
694,48,201,48201
695,48,201,48201
696,48,201,48201
697,48,201,48201
698,48,167,48167
699,48,167,48167
700,48,039,48039
701,48,039,48039
702,48,039,48039
703,48,157,48157
704,48,157,48157
705,48,157,48157
706,48,157,48157
707,48,157,48157
708,48,491,48491
709,48,491,48491
710,48,491,48491
711,48,453,48453
712,48,453,48453
713,48,453,48453
714,48,453,48453
715,48,453,48453
716,48,453,48453
717,48,453,48453
718,48,029,48029
719,48,029,48029
720,48,029,48029
721,48,029,48029
722,48,029,48029
723,48,029,48029
724,48,029,48029
725,48,029,48029
726,48,029,48029
727,48,029,48029
728,48,029,48029
729,48,029,48029
730,48,029,48029
731,48,029,48029
732,48,479,48479
733,48,479,48479
734,48,355,48355
735,48,355,48355
736,48,061,48061
737,48,061,48061
738,48,215,48215
739,48,215,48215
740,48,215,48215
741,48,215,48215
742,48,201,48201
743,48,029,48029
744,48,491,48491
745,48,121,48121
746,48,029,48029
747,48,027,48027
748,48,453,48453
749,48,439,48439
750,48,201,48201
751,48,201,48201
752,48,355,48355
753,48,061,48061
754,48,215,48215
755,48,141,48141
756,48,215,48215
757,48,141,48141
758,48,141,48141
759,48,141,48141
760,48,141,48141
761,48,027,48027
762,48,041,48041
763,48,309,48309
764,48,309,48309
765,48,113,48113
766,48,113,48113
767,48,113,48113
768,48,113,48113
769,48,113,48113
770,48,439,48439
771,48,439,48439
772,48,439,48439
773,48,439,48439
774,48,439,48439
775,48,439,48439
776,48,439,48439
777,48,439,48439
778,48,113,48113
779,48,113,48113
780,48,113,48113
781,48,113,48113
782,48,113,48113
783,48,113,48113
784,48,113,48113
785,48,113,48113
786,48,113,48113
787,48,113,48113
788,48,113,48113
789,48,439,48439
790,48,201,48201
791,48,215,48215
792,48,201,48201
793,48,453,48453
794,48,439,48439
795,48,121,48121
796,49,035,49035
797,49,035,49035
798,49,049,49049
799,49,049,49049
800,49,049,49049
801,49,049,49049
802,49,057,49057
803,49,057,49057
804,49,011,49011
805,49,011,49011
806,49,035,49035
807,49,035,49035
808,49,035,49035
809,49,035,49035
810,49,035,49035
811,49,035,49035
812,49,035,49035
813,51,013,51013
814,51,013,51013
815,51,810,51810
816,51,810,51810
817,51,810,51810
818,51,153,51153
819,51,550,51550
820,51,550,51550
821,51,059,51059
822,51,059,51059
823,51,059,51059
824,51,059,51059
825,51,059,51059
826,51,059,51059
827,51,059,51059
828,51,059,51059
829,51,059,51059
830,51,087,51087
831,51,087,51087
832,51,153,51153
833,51,041,51041
834,51,041,51041
835,51,041,51041
836,51,107,51107
837,51,107,51107
838,51,107,51107
839,53,063,53063
840,53,063,53063
841,53,063,53063
842,53,063,53063
843,53,077,53077
844,53,077,53077
845,53,011,53011
846,53,011,53011
847,53,011,53011
848,53,011,53011
849,53,067,53067
850,53,067,53067
851,53,053,53053
852,53,053,53053
853,53,053,53053
854,53,053,53053
855,53,053,53053
856,53,053,53053
857,53,053,53053
858,53,033,53033
859,53,033,53033
860,53,033,53033
861,53,033,53033
862,53,033,53033
863,53,033,53033
864,53,033,53033
865,53,033,53033
866,53,033,53033
867,53,033,53033
868,53,033,53033
869,53,033,53033
870,53,033,53033
871,53,033,53033
872,53,033,53033
873,53,033,53033
874,53,061,53061
875,53,061,53061
876,53,061,53061
877,53,061,53061
878,53,061,53061
879,53,061,53061
880,53,035,53035
881,53,035,53035
882,55,133,55133
883,55,133,55133
884,55,133,55133
885,55,025,55025
886,55,025,55025
887,55,025,55025
888,55,009,55009
889,55,009,55009
890,55,079,55079
891,55,079,55079
892,55,079,55079
893,55,079,55079
894,55,079,55079
895,55,079,55079
896,55,079,55079
897,55,079,55079
898,72,021,72021
899,72,021,72021
900,72,127,72127
901,72,127,72127
902,72,127,72127
903,42,049,42049
904,42,003,42003
905,42,003,42003
906,42,003,42003
907,42,003,42003
908,42,129,42129
909,42,011,42011
910,42,011,42011
911,42,017,42017
912,42,017,42017
913,42,017,42017
914,42,017,42017
915,42,091,42091
916,42,091,42091
917,42,091,42091
918,42,091,42091
919,42,091,42091
920,42,091,42091
921,42,101,42101
922,42,101,42101
923,42,101,42101
924,42,101,42101
925,42,101,42101
926,42,101,42101
927,42,101,42101
928,42,101,42101
929,42,101,42101
930,42,045,42045
931,42,045,42045
932,42,045,42045
933,42,029,42029
934,42,029,42029
935,42,071,42071
936,42,071,42071
937,42,071,42071
938,42,133,42133
939,42,049,42049
940,42,003,42003
941,42,129,42129
942,42,043,42043
943,42,101,42101
944,42,101,42101
945,42,045,42045
946,42,133,42133
947,42,003,42003
948,42,029,42029
949,42,003,42003
950,42,129,42129
951,42,003,42003
952,42,071,42071
953,42,011,42011
954,42,003,42003
955,42,043,42043
956,42,029,42029
957,42,133,42133
958,22,033,22033
959,22,033,22033
960,22,033,22033
961,22,103,22103
962,22,103,22103
963,22,017,22017
964,22,071,22071
965,22,071,22071
966,22,071,22071
967,22,055,22055
968,22,017,22017
969,22,055,22055
970,24,021,24021
971,24,021,24021
972,24,005,24005
973,24,005,24005
974,24,005,24005
975,24,005,24005
976,24,005,24005
977,24,005,24005
978,24,005,24005
979,24,025,24025
980,24,025,24025
981,24,510,24510
982,24,510,24510
983,24,510,24510
984,24,510,24510
985,24,510,24510
986,24,027,24027
987,24,027,24027
988,24,031,24031
989,24,031,24031
990,24,031,24031
991,24,031,24031
992,24,031,24031
993,24,031,24031
994,24,031,24031
995,24,033,24033
996,24,033,24033
997,24,033,24033
998,24,033,24033
999,24,033,24033
1000,24,033,24033
1001,24,033,24033
1002,24,003,24003
1003,24,003,24003
1004,24,003,24003
1005,24,003,24003
1006,25,017,25017
1007,25,017,25017
1008,25,025,25025
1009,25,025,25025
1010,25,025,25025
1011,25,025,25025
1012,25,025,25025
1013,25,025,25025
1014,25,017,25017
1015,25,021,25021
1016,25,021,25021
1017,25,021,25021
1018,25,021,25021
1019,25,023,25023
1020,25,023,25023
1021,25,005,25005
1022,25,005,25005
1023,25,005,25005
1024,25,005,25005
1025,25,005,25005
1026,25,001,25001
1027,25,019,25019
1028,25,023,25023
1029,25,023,25023
1030,25,023,25023
1031,25,027,25027
1032,25,027,25027
1033,25,027,25027
1034,25,027,25027
1035,25,027,25027
1036,25,027,25027
1037,25,017,25017
1038,25,017,25017
1039,25,017,25017
1040,25,017,25017
1041,25,017,25017
1042,25,017,25017
1043,25,017,25017
1044,25,017,25017
1045,25,009,25009
1046,25,009,25009
1047,25,009,25009
1048,25,009,25009
1049,25,009,25009
1050,25,017,25017
1051,25,017,25017
1052,26,065,26065
1053,26,125,26125
1054,26,139,26139
1055,26,139,26139
1056,26,081,26081
1057,26,081,26081
1058,26,081,26081
1059,26,081,26081
1060,26,065,26065
1061,26,077,26077
1062,26,077,26077
1063,26,161,26161
1064,26,161,26161
1065,26,161,26161
1066,26,125,26125
1067,26,125,26125
1068,26,125,26125
1069,26,125,26125
1070,26,125,26125
1071,26,125,26125
1072,26,125,26125
1073,26,099,26099
1074,26,099,26099
1075,26,099,26099
1076,26,099,26099
1077,26,099,26099
1078,26,099,26099
1079,26,163,26163
1080,26,163,26163
1081,26,163,26163
1082,26,163,26163
1083,26,163,26163
1084,26,163,26163
1085,26,163,26163
1086,26,163,26163
1087,26,163,26163
1088,26,163,26163
1089,26,163,26163
1090,26,163,26163
1091,26,163,26163
1092,27,003,27003
1093,27,003,27003
1094,27,003,27003
1095,27,163,27163
1096,27,163,27163
1097,27,123,27123
1098,27,123,27123
1099,27,123,27123
1100,27,123,27123
1101,27,053,27053
1102,27,053,27053
1103,27,053,27053
1104,27,053,27053
1105,27,053,27053
1106,27,053,27053
1107,27,053,27053
1108,27,053,27053
1109,27,053,27053
1110,27,053,27053
1111,27,037,27037
1112,27,037,27037
1113,27,037,27037
1114,29,047,29047
1115,29,047,29047
1116,29,095,29095
1117,29,095,29095
1118,29,095,29095
1119,29,095,29095
1120,29,095,29095
1121,29,189,29189
1122,29,510,29510
1123,29,099,29099
1124,29,183,29183
1125,29,183,29183
1126,29,183,29183
1127,29,189,29189
1128,29,189,29189
1129,29,189,29189
1130,29,189,29189
1131,29,189,29189
1132,29,189,29189
1133,29,189,29189
1134,29,510,29510
1135,29,099,29099
1136,31,109,31109
1137,31,109,31109
1138,31,055,31055
1139,31,055,31055
1140,31,055,31055
1141,31,055,31055
1142,32,003,32003
1143,32,003,32003
1144,32,003,32003
1145,32,003,32003
1146,32,003,32003
1147,32,003,32003
1148,32,003,32003
1149,32,003,32003
1150,32,003,32003
1151,32,031,32031
1152,32,031,32031
1153,32,031,32031
1154,32,003,32003
1155,32,003,32003
1156,32,003,32003
1157,32,003,32003
1158,34,023,34023
1159,34,023,34023
1160,34,031,34031
1161,34,031,34031
1162,34,017,34017
1163,34,017,34017
1164,34,017,34017
1165,34,017,34017
1166,34,023,34023
1167,34,023,34023
1168,34,001,34001
1169,34,001,34001
1170,34,003,34003
1171,34,003,34003
1172,34,003,34003
1173,34,003,34003
1174,34,003,34003
1175,34,003,34003
1176,34,003,34003
1177,34,003,34003
1178,34,031,34031
1179,34,031,34031
1180,34,025,34025
1181,34,025,34025
1182,34,025,34025
1183,34,025,34025
1184,34,007,34007
1185,34,007,34007
1186,34,007,34007
1187,34,007,34007
1188,34,015,34015
1189,34,013,34013
1190,34,027,34027
1191,34,027,34027
1192,34,027,34027
1193,34,027,34027
1194,34,039,34039
1195,34,039,34039
1196,34,039,34039
1197,34,039,34039
1198,34,005,34005
1199,34,025,34025
1200,34,025,34025
1201,34,029,34029
1202,34,029,34029
1203,34,029,34029
1204,34,029,34029
1205,34,029,34029
1206,34,013,34013
1207,34,013,34013
1208,34,013,34013
1209,34,013,34013
1210,34,013,34013
1211,34,023,34023
1212,34,005,34005
1213,34,023,34023
1214,34,023,34023
1215,34,035,34035
1216,34,035,34035
1217,34,035,34035
1218,34,015,34015
1219,34,021,34021
1220,34,021,34021
1221,34,021,34021
1222,34,017,34017
1223,34,039,34039
1224,34,005,34005
1225,35,013,35013
1226,35,013,35013
1227,36,029,36029
1228,36,091,36091
1229,36,119,36119
1230,36,119,36119
1231,36,059,36059
1232,36,059,36059
1233,36,103,36103
1234,36,103,36103
1235,36,103,36103
1236,36,103,36103
1237,36,103,36103
1238,36,047,36047
1239,36,061,36061
1240,36,061,36061
1241,36,061,36061
1242,36,005,36005
1243,36,071,36071
1244,36,029,36029
1245,36,055,36055
1246,36,059,36059
1247,36,047,36047
1248,36,027,36027
1249,36,081,36081
1250,36,085,36085
1251,36,047,36047
1252,36,047,36047
1253,36,047,36047
1254,36,061,36061
1255,36,055,36055
1256,36,055,36055
1257,36,055,36055
1258,36,055,36055
1259,36,055,36055
1260,36,063,36063
1261,36,063,36063
1262,36,029,36029
1263,36,029,36029
1264,36,029,36029
1265,36,029,36029
1266,36,005,36005
1267,36,005,36005
1268,36,047,36047
1269,36,029,36029
1270,36,119,36119
1271,36,005,36005
1272,36,091,36091
1273,36,001,36001
1274,36,001,36001
1275,36,027,36027
1276,36,071,36071
1277,36,071,36071
1278,36,087,36087
1279,36,087,36087
1280,36,087,36087
1281,36,119,36119
1282,36,119,36119
1283,36,119,36119
1284,36,059,36059
1285,36,059,36059
1286,36,059,36059
1287,36,059,36059
1288,36,059,36059
1289,36,059,36059
1290,36,059,36059
1291,36,059,36059
1292,36,059,36059
1293,36,103,36103
1294,36,103,36103
1295,36,103,36103
1296,36,103,36103
1297,36,103,36103
1298,36,103,36103
1299,36,103,36103
1300,36,103,36103
1301,36,005,36005
1302,36,081,36081
1303,36,047,36047
1304,36,005,36005
1305,36,047,36047
1306,36,061,36061
1307,36,061,36061
1308,36,061,36061
1309,36,061,36061
1310,36,085,36085
1311,36,085,36085
1312,36,047,36047
1313,36,047,36047
1314,36,081,36081
1315,36,081,36081
1316,36,081,36081
1317,36,047,36047
1318,36,061,36061
1319,36,005,36005
1320,36,005,36005
1321,36,081,36081
1322,36,081,36081
1323,36,081,36081
1324,36,047,36047
1325,36,047,36047
1326,36,047,36047
1327,36,047,36047
1328,36,061,36061
1329,36,005,36005
1330,36,005,36005
1331,36,081,36081
1332,36,047,36047
1333,36,047,36047
1334,36,081,36081
1335,36,047,36047
1336,36,081,36081
1337,36,081,36081
1338,36,081,36081
1339,36,081,36081
1340,37,063,37063
1341,37,119,37119
1342,37,183,37183
1343,37,067,37067
1344,37,067,37067
1345,37,051,37051
1346,37,081,37081
1347,37,119,37119
1348,37,183,37183
1349,37,183,37183
1350,37,183,37183
1351,37,183,37183
1352,37,183,37183
1353,37,183,37183
1354,37,063,37063
1355,37,081,37081
1356,37,081,37081
1357,37,081,37081
1358,37,021,37021
1359,37,021,37021
1360,37,071,37071
1361,37,071,37071
1362,37,119,37119
1363,37,119,37119
1364,37,119,37119
1365,37,119,37119
1366,37,119,37119
1367,37,051,37051
1368,37,051,37051
1369,37,067,37067
1370,37,183,37183
1371,37,119,37119
1372,39,093,39093
1373,39,093,39093
1374,39,035,39035
1375,39,035,39035
1376,39,035,39035
1377,39,035,39035
1378,39,035,39035
1379,39,035,39035
1380,39,035,39035
1381,39,035,39035
1382,39,035,39035
1383,39,035,39035
1384,39,153,39153
1385,39,153,39153
1386,39,153,39153
1387,39,153,39153
1388,39,049,39049
1389,39,049,39049
1390,39,049,39049
1391,39,049,39049
1392,39,049,39049
1393,39,049,39049
1394,39,049,39049
1395,39,049,39049
1396,39,049,39049
1397,39,049,39049
1398,39,049,39049
1399,39,113,39113
1400,39,113,39113
1401,39,113,39113
1402,39,113,39113
1403,39,165,39165
1404,39,165,39165
1405,39,017,39017
1406,39,017,39017
1407,39,017,39017
1408,39,061,39061
1409,39,061,39061
1410,39,061,39061
1411,39,061,39061
1412,39,061,39061
1413,39,061,39061
1414,39,061,39061
1415,39,153,39153
1416,40,109,40109
1417,40,109,40109
1418,40,109,40109
1419,40,109,40109
1420,40,109,40109
1421,40,109,40109
1422,23,005,23005
1423,23,005,23005
1424,23,005,23005
1425,06,037,06037
1426,06,075,06075
1427,06,083,06083
1428,06,111,06111
1429,15,003,15003
1430,18,011,18011
1431,45,059,45059
1432,51,683,51683
1433,29,165,29165
1434,34,009,34009
1435,36,079,36079
1436,23,031,23031
1437,02,013,02013
1438,02,016,02016
1439,28,107,28107
1440,28,101,28101
1441,28,027,28027
1442,22,065,22065
1443,51,540,51540
1444,51,510,51510
1445,51,530,51530
1446,48,227,48227
1447,48,155,48155
1448,48,153,48153
1449,48,043,48043
1450,48,159,48159
1451,48,231,48231
1452,48,351,48351
1453,48,427,48427
1454,48,271,48271
1455,48,087,48087
1456,48,451,48451
1457,48,083,48083
1458,48,289,48289
1459,48,131,48131
1460,48,279,48279
1461,48,343,48343
1462,48,239,48239
1463,48,325,48325
1464,48,483,48483
1465,48,111,48111
1466,48,059,48059
1467,48,277,48277
1468,48,099,48099
1469,48,165,48165
1470,48,259,48259
1471,48,347,48347
1472,48,331,48331
1473,48,209,48209
1474,48,489,48489
1475,34,011,34011
1476,23,019,23019
1477,50,009,50009
1478,50,011,50011
1479,56,001,56001
1480,56,015,56015
1481,56,045,56045
1482,56,017,56017
1483,56,039,56039
1484,56,003,56003
1485,56,027,56027
1486,56,033,56033
1487,56,043,56043
1488,56,005,56005
1489,56,025,56025
1490,50,005,50005
1491,56,031,56031
1492,56,009,56009
1493,56,011,56011
1494,50,001,50001
1495,56,019,56019
1496,56,021,56021
1497,50,021,50021
1498,50,025,50025
1499,56,029,56029
1500,50,027,50027
1501,50,023,50023
1502,50,013,50013
1503,50,015,50015
1504,29,079,29079
1505,29,093,29093
1506,29,185,29185
1507,29,037,29037
1508,29,229,29229
1509,29,153,29153
1510,29,083,29083
1511,17,009,17009
1512,17,033,17033
1513,17,085,17085
1514,17,065,17065
1515,17,109,17109
1516,17,135,17135
1517,17,041,17041
1518,17,181,17181
1519,17,201,17201
1520,17,133,17133
1521,17,129,17129
1522,17,083,17083
1523,17,171,17171
1524,17,131,17131
1525,17,047,17047
1526,17,035,17035
1527,06,103,06103
1528,06,011,06011
1529,06,051,06051
1530,49,003,49003
1531,06,005,06005
1532,06,009,06009
1533,06,025,06025
1534,37,069,37069
1535,37,031,37031
1536,37,057,37057
1537,42,021,42021
1538,37,163,37163
1539,37,101,37101
1540,37,027,37027
1541,37,153,37153
1542,37,123,37123
1543,37,179,37179
1544,42,001,42001
1545,42,061,42061
1546,37,023,37023
1547,37,097,37097
1548,42,039,42039
1549,37,079,37079
1550,42,035,42035
1551,37,143,37143
1552,37,083,37083
1553,37,037,37037
1554,37,171,37171
1555,42,073,42073
1556,42,093,42093
1557,37,155,37155
1558,37,121,37121
1559,42,117,42117
1560,42,009,42009
1561,37,013,37013
1562,42,089,42089
1563,42,131,42131
1564,37,127,37127
1565,42,083,42083
1566,42,051,42051
1567,42,099,42099
1568,42,085,42085
1569,42,033,42033
1570,37,107,37107
1571,42,037,42037
1572,42,059,42059
1573,42,053,42053
1574,37,089,37089
1575,36,053,36053
1576,02,240,02240
1577,02,070,02070
1578,02,164,02164
1579,02,185,02185
1580,02,105,02105
1581,02,150,02150
1582,02,230,02230
1583,02,188,02188
1584,02,130,02130
1585,02,270,02270
1586,28,145,28145
1587,28,053,28053
1588,28,141,28141
1589,28,087,28087
1590,22,089,22089
1591,22,073,22073
1592,22,007,22007
1593,22,027,22027
1594,22,019,22019
1595,22,001,22001
1596,22,079,22079
1597,22,127,22127
1598,22,021,22021
1599,22,029,22029
1600,51,185,51185
1601,51,820,51820
1602,51,790,51790
1603,51,183,51183
1604,51,171,51171
1605,51,750,51750
1606,48,251,48251
1607,48,383,48383
1608,48,417,48417
1609,48,037,48037
1610,48,415,48415
1611,48,261,48261
1612,48,425,48425
1613,48,359,48359
1614,48,441,48441
1615,48,269,48269
1616,48,033,48033
1617,48,471,48471
1618,48,429,48429
1619,48,117,48117
1620,48,393,48393
1621,48,457,48457
1622,48,465,48465
1623,48,049,48049
1624,48,367,48367
1625,48,505,48505
1626,48,387,48387
1627,48,255,48255
1628,48,363,48363
1629,48,173,48173
1630,48,419,48419
1631,48,499,48499
1632,04,017,04017
1633,04,012,04012
1634,23,029,23029
1635,35,021,35021
1636,35,051,35051
1637,35,025,35025
1638,56,023,56023
1639,35,019,35019
1640,56,037,56037
1641,35,057,35057
1642,23,003,23003
1643,56,041,56041
1644,56,035,56035
1645,35,017,35017
1646,35,035,35035
1647,35,045,35045
1648,56,007,56007
1649,35,041,35041
1650,35,009,35009
1651,35,055,35055
1652,35,023,35023
1653,35,015,35015
1654,35,011,35011
1655,35,006,35006
1656,35,037,35037
1657,35,007,35007
1658,35,028,35028
1659,23,009,23009
1660,56,013,56013
1661,29,071,29071
1662,24,029,24029
1663,44,003,44003
1664,24,017,24017
1665,24,011,24011
1666,29,141,29141
1667,44,009,44009
1668,44,001,44001
1669,29,137,29137
1670,29,215,29215
1671,41,049,41049
1672,41,007,41007
1673,41,003,41003
1674,41,027,41027
1675,53,007,53007
1676,53,043,53043
1677,17,143,17143
1678,17,195,17195
1679,17,005,17005
1680,17,099,17099
1681,17,091,17091
1682,72,091,72091
1683,72,049,72049
1684,72,005,72005
1685,72,043,72043
1686,72,083,72083
1687,72,013,72013
1688,72,015,72015
1689,72,053,72053
1690,72,033,72033
1691,72,045,72045
1692,72,027,72027
1693,72,059,72059
1694,72,113,72113
1695,72,077,72077
1696,55,011,55011
1697,55,051,55051
1698,42,047,42047
1699,55,019,55019
1700,42,107,42107
1701,42,057,42057
1702,55,049,55049
1703,42,121,42121
1704,42,113,42113
1705,55,047,55047
1706,55,055,55055
1707,55,015,55015
1708,55,031,55031
1709,55,083,55083
1710,55,061,55061
1711,55,057,55057
1712,42,105,42105
1713,55,063,55063
1714,55,085,55085
1715,55,095,55095
1716,55,059,55059
1717,55,093,55093
1718,55,037,55037
1719,55,023,55023
1720,42,081,42081
1721,42,015,42015
1722,42,007,42007
1723,42,013,42013
1724,39,069,39069
1725,42,025,42025
1726,42,087,42087
1727,42,119,42119
1728,42,123,42123
1729,42,075,42075
1730,42,125,42125
1731,42,069,42069
1732,42,097,42097
1733,42,041,42041
1734,42,111,42111
1735,42,023,42023
1736,42,055,42055
1737,42,067,42067
1738,42,027,42027
1739,42,005,42005
1740,39,145,39145
1741,42,127,42127
1742,42,115,42115
1743,42,103,42103
1744,42,063,42063
1745,42,031,42031
1746,39,103,39103
1747,02,090,02090
1748,02,110,02110
1749,02,180,02180
1750,02,198,02198
1751,02,220,02220
1752,22,085,22085
1753,22,081,22081
1754,51,001,51001
1755,51,073,51073
1756,51,690,51690
1757,51,193,51193
1758,51,660,51660
1759,48,107,48107
1760,48,391,48391
1761,48,053,48053
1762,48,431,48431
1763,48,405,48405
1764,48,379,48379
1765,48,237,48237
1766,48,437,48437
1767,48,063,48063
1768,48,361,48361
1769,48,089,48089
1770,48,371,48371
1771,48,079,48079
1772,48,369,48369
1773,48,161,48161
1774,48,495,48495
1775,48,485,48485
1776,48,179,48179
1777,48,413,48413
1778,48,197,48197
1779,38,029,38029
1780,38,039,38039
1781,38,097,38097
1782,38,025,38025
1783,38,065,38065
1784,38,087,38087
1785,38,035,38035
1786,38,041,38041
1787,38,037,38037
1788,38,013,38013
1789,38,027,38027
1790,38,073,38073
1791,38,103,38103
1792,38,067,38067
1793,38,007,38007
1794,38,019,38019
1795,38,079,38079
1796,38,071,38071
1797,38,011,38011
1798,32,013,32013
1799,04,007,04007
1800,04,027,04027
1801,32,009,32009
1802,32,019,32019
1803,04,025,04025
1804,32,021,32021
1805,32,005,32005
1806,32,011,32011
1807,32,015,32015
1808,32,017,32017
1809,32,033,32033
1810,35,005,35005
1811,35,061,35061
1812,35,039,35039
1813,35,047,35047
1814,35,003,35003
1815,35,043,35043
1816,35,049,35049
1817,35,053,35053
1818,35,027,35027
1819,35,031,35031
1820,35,029,35029
1821,35,033,35033
1822,35,059,35059
1823,24,001,24001
1824,44,005,44005
1825,24,047,24047
1826,41,053,41053
1827,41,063,41063
1828,41,025,41025
1829,41,013,41013
1830,41,071,41071
1831,41,041,41041
1832,41,059,41059
1833,41,015,41015
1834,41,057,41057
1835,41,009,41009
1836,41,011,41011
1837,41,045,41045
1838,41,019,41019
1839,41,065,41065
1840,41,043,41043
1841,41,055,41055
1842,41,031,41031
1843,41,037,41037
1844,41,061,41061
1845,41,021,41021
1846,17,121,17121
1847,17,127,17127
1848,17,019,17019
1849,17,069,17069
1850,17,149,17149
1851,17,049,17049
1852,72,105,72105
1853,72,145,72145
1854,72,117,72117
1855,72,129,72129
1856,72,097,72097
1857,72,147,72147
1858,72,039,72039
1859,72,111,72111
1860,72,007,72007
1861,72,011,72011
1862,72,115,72115
1863,72,079,72079
1864,72,137,72137
1865,72,019,72019
1866,72,133,72133
1867,72,123,72123
1868,72,089,72089
1869,72,037,72037
1870,72,054,72054
1871,72,041,72041
1872,72,031,72031
1873,72,069,72069
1874,72,003,72003
1875,72,103,72103
1876,72,125,72125
1877,72,135,72135
1878,72,139,72139
1879,72,087,72087
1880,72,061,72061
1881,72,047,72047
1882,72,151,72151
1883,72,057,72057
1884,72,017,72017
1885,72,149,72149
1886,72,081,72081
1887,72,065,72065
1888,72,071,72071
1889,72,029,72029
1890,72,095,72095
1891,06,093,06093
1892,13,173,13173
1893,13,029,13029
1894,13,001,13001
1895,13,241,13241
1896,13,023,13023
1897,13,113,13113
1898,13,163,13163
1899,13,253,13253
1900,13,039,13039
1901,13,127,13127
1902,13,233,13233
1903,13,211,13211
1904,13,263,13263
1905,13,249,13249
1906,13,291,13291
1907,13,315,13315
1908,13,299,13299
1909,13,059,13059
1910,13,169,13169
1911,13,045,13045
1912,13,247,13247
1913,13,083,13083
1914,13,213,13213
1915,55,001,55001
1916,55,121,55121
1917,55,123,55123
1918,55,141,55141
1919,55,107,55107
1920,55,113,55113
1921,55,131,55131
1922,55,033,55033
1923,55,125,55125
1924,55,067,55067
1925,36,007,36007
1926,36,099,36099
1927,55,039,55039
1928,55,035,55035
1929,55,101,55101
1930,36,093,36093
1931,55,119,55119
1932,36,083,36083
1933,36,111,36111
1934,55,081,55081
1935,55,007,55007
1936,36,075,36075
1937,55,075,55075
1938,36,113,36113
1939,55,078,55078
1940,36,019,36019
1941,55,137,55137
1942,55,139,55139
1943,55,091,55091
1944,55,129,55129
1945,55,103,55103
1946,36,013,36013
1947,36,035,36035
1948,36,033,36033
1949,36,015,36015
1950,55,053,55053
1951,55,135,55135
1952,55,045,55045
1953,55,105,55105
1954,55,029,55029
1955,55,099,55099
1956,55,013,55013
1957,55,003,55003
1958,55,021,55021
1959,55,111,55111
1960,55,005,55005
1961,55,077,55077
1962,55,087,55087
1963,36,009,36009
1964,55,109,55109
1965,55,043,55043
1966,55,115,55115
1967,55,065,55065
1968,55,117,55117
1969,55,071,55071
1970,55,089,55089
1971,55,097,55097
1972,36,043,36043
1973,55,073,55073
1974,55,127,55127
1975,55,041,55041
1976,55,027,55027
1977,55,069,55069
1978,28,021,28021
1979,28,055,28055
1980,28,023,28023
1981,02,195,02195
1982,02,275,02275
1983,02,170,02170
1984,02,290,02290
1985,02,282,02282
1986,02,122,02122
1987,02,261,02261
1988,28,147,28147
1989,28,009,28009
1990,22,093,22093
1991,22,109,22109
1992,22,099,22099
1993,51,775,51775
1994,51,179,51179
1995,48,171,48171
1996,48,501,48501
1997,48,149,48149
1998,48,463,48463
1999,48,185,48185
2000,48,467,48467
2001,48,447,48447
2002,48,145,48145
2003,48,181,48181
2004,48,139,48139
2005,48,191,48191
2006,48,125,48125
2007,48,455,48455
2008,48,389,48389
2009,48,315,48315
2010,48,443,48443
2011,48,305,48305
2012,48,283,48283
2013,48,241,48241
2014,48,253,48253
2015,48,069,48069
2016,48,469,48469
2017,48,273,48273
2018,48,045,48045
2019,48,077,48077
2020,48,321,48321
2021,48,047,48047
2022,48,399,48399
2023,48,065,48065
2024,05,107,05107
2025,05,111,05111
2026,05,143,05143
2027,05,081,05081
2028,05,121,05121
2029,05,005,05005
2030,05,013,05013
2031,05,105,05105
2032,05,027,05027
2033,05,053,05053
2034,05,131,05131
2035,05,085,05085
2036,05,101,05101
2037,05,109,05109
2038,05,031,05031
2039,05,079,05079
2040,05,123,05123
2041,05,023,05023
2042,05,017,05017
2043,05,025,05025
2044,05,015,05015
2045,05,021,05021
2046,38,003,38003
2047,38,033,38033
2048,38,091,38091
2049,38,099,38099
2050,38,051,38051
2051,38,075,38075
2052,38,001,38001
2053,38,059,38059
2054,38,105,38105
2055,38,005,38005
2056,38,017,38017
2057,38,057,38057
2058,38,021,38021
2059,38,023,38023
2060,38,063,38063
2061,38,069,38069
2062,38,047,38047
2063,38,031,38031
2064,38,053,38053
2065,38,093,38093
2066,38,055,38055
2067,38,083,38083
2068,38,085,38085
2069,38,077,38077
2070,38,089,38089
2071,38,015,38015
2072,38,009,38009
2073,38,095,38095
2074,38,081,38081
2075,38,101,38101
2076,20,071,20071
2077,20,059,20059
2078,20,147,20147
2079,20,085,20085
2080,20,145,20145
2081,20,027,20027
2082,20,011,20011
2083,20,157,20157
2084,20,043,20043
2085,20,175,20175
2086,20,057,20057
2087,20,125,20125
2088,20,117,20117
2089,20,207,20207
2090,20,105,20105
2091,20,055,20055
2092,20,187,20187
2093,20,179,20179
2094,20,017,20017
2095,20,051,20051
2096,20,209,20209
2097,20,035,20035
2098,20,021,20021
2099,20,155,20155
2100,20,197,20197
2101,20,033,20033
2102,20,109,20109
2103,24,041,24041
2104,24,023,24023
2105,24,015,24015
2106,24,039,24039
2107,24,043,24043
2108,31,021,31021
2109,31,047,31047
2110,31,155,31155
2111,31,171,31171
2112,31,003,31003
2113,31,071,31071
2114,31,165,31165
2115,31,049,31049
2116,41,023,41023
2117,31,133,31133
2118,31,015,31015
2119,31,169,31169
2120,31,087,31087
2121,41,035,41035
2122,41,069,41069
2123,31,007,31007
2124,31,065,31065
2125,31,035,31035
2126,31,121,31121
2127,31,017,31017
2128,31,037,31037
2129,31,043,31043
2130,41,017,41017
2131,41,001,41001
2132,31,005,31005
2133,31,161,31161
2134,31,159,31159
2135,41,033,41033
2136,31,179,31179
2137,17,011,17011
2138,17,039,17039
2139,17,157,17157
2140,17,117,17117
2141,17,169,17169
2142,17,153,17153
2143,17,161,17161
2144,17,055,17055
2145,17,023,17023
2146,17,051,17051
2147,17,021,17021
2148,17,187,17187
2149,17,139,17139
2150,17,015,17015
2151,17,191,17191
2152,17,185,17185
2153,49,009,49009
2154,72,085,72085
2155,49,007,49007
2156,72,001,72001
2157,72,121,72121
2158,72,153,72153
2159,49,001,49001
2160,72,119,72119
2161,72,101,72101
2162,72,073,72073
2163,72,067,72067
2164,72,023,72023
2165,72,131,72131
2166,72,143,72143
2167,72,075,72075
2168,72,035,72035
2169,72,099,72099
2170,72,025,72025
2171,72,107,72107
2172,72,055,72055
2173,72,009,72009
2174,72,141,72141
2175,72,063,72063
2176,72,093,72093
2177,72,109,72109
2178,06,113,06113
2179,13,073,13073
2180,13,117,13117
2181,13,009,13009
2182,13,295,13295
2183,13,107,13107
2184,13,123,13123
2185,13,301,13301
2186,13,105,13105
2187,13,025,13025
2188,13,225,13225
2189,13,101,13101
2190,13,109,13109
2191,13,239,13239
2192,13,155,13155
2193,36,109,36109
2194,36,045,36045
2195,36,069,36069
2196,36,017,36017
2197,36,021,36021
2198,36,025,36025
2199,36,089,36089
2200,36,051,36051
2201,36,121,36121
2202,36,107,36107
2203,36,039,36039
2204,36,097,36097
2205,36,077,36077
2206,36,003,36003
2207,36,031,36031
2208,36,105,36105
2209,36,117,36117
2210,36,073,36073
2211,28,011,28011
2212,28,013,28013
2213,28,077,28077
2214,28,045,28045
2215,28,007,28007
2216,28,093,28093
2217,28,043,28043
2218,28,003,28003
2219,28,029,28029
2220,28,025,28025
2221,28,039,28039
2222,28,001,28001
2223,28,005,28005
2224,22,087,22087
2225,22,123,22123
2226,22,075,22075
2227,22,047,22047
2228,22,059,22059
2229,22,095,22095
2230,22,063,22063
2231,48,291,48291
2232,48,287,48287
2233,48,189,48189
2234,48,169,48169
2235,48,337,48337
2236,48,461,48461
2237,48,193,48193
2238,48,151,48151
2239,48,115,48115
2240,48,127,48127
2241,48,293,48293
2242,48,233,48233
2243,05,001,05001
2244,05,061,05061
2245,05,139,05139
2246,05,099,05099
2247,05,035,05035
2248,05,049,05049
2249,05,115,05115
2250,05,041,05041
2251,05,051,05051
2252,38,049,38049
2253,05,091,05091
2254,05,145,05145
2255,05,039,05039
2256,05,075,05075
2257,05,137,05137
2258,05,095,05095
2259,05,087,05087
2260,05,089,05089
2261,40,119,40119
2262,40,015,40015
2263,40,041,40041
2264,40,095,40095
2265,38,043,38043
2266,40,055,40055
2267,40,029,40029
2268,40,133,40133
2269,40,099,40099
2270,40,067,40067
2271,40,141,40141
2272,40,091,40091
2273,40,023,40023
2274,40,059,40059
2275,38,061,38061
2276,38,045,38045
2277,40,053,40053
2278,40,043,40043
2279,40,079,40079
2280,40,105,40105
2281,40,139,40139
2282,54,061,54061
2283,54,005,54005
2284,54,051,54051
2285,54,001,54001
2286,32,001,32001
2287,54,095,54095
2288,54,049,54049
2289,32,510,32510
2290,54,105,54105
2291,54,063,54063
2292,32,023,32023
2293,54,043,54043
2294,54,075,54075
2295,32,029,32029
2296,54,033,54033
2297,54,069,54069
2298,54,067,54067
2299,54,023,54023
2300,54,015,54015
2301,54,059,54059
2302,54,009,54009
2303,54,029,54029
2304,54,053,54053
2305,54,055,54055
2306,32,027,32027
2307,54,021,54021
2308,54,031,54031
2309,54,037,54037
2310,54,065,54065
2311,32,007,32007
2312,20,077,20077
2313,20,037,20037
2314,20,001,20001
2315,20,111,20111
2316,20,149,20149
2317,20,005,20005
2318,20,137,20137
2319,20,193,20193
2320,20,075,20075
2321,20,141,20141
2322,20,083,20083
2323,20,195,20195
2324,20,029,20029
2325,20,013,20013
2326,20,087,20087
2327,20,041,20041
2328,20,101,20101
2329,20,015,20015
2330,20,023,20023
2331,20,199,20199
2332,20,019,20019
2333,20,097,20097
2334,20,081,20081
2335,20,159,20159
2336,20,129,20129
2337,20,165,20165
2338,24,045,24045
2339,24,013,24013
2340,24,035,24035
2341,24,019,24019
2342,24,037,24037
2343,31,039,31039
2344,31,069,31069
2345,31,101,31101
2346,31,173,31173
2347,31,139,31139
2348,31,147,31147
2349,31,151,31151
2350,31,163,31163
2351,31,057,31057
2352,31,167,31167
2353,31,033,31033
2354,31,013,31013
2355,31,183,31183
2356,31,095,31095
2357,31,131,31131
2358,31,111,31111
2359,31,091,31091
2360,31,145,31145
2361,31,075,31075
2362,31,053,31053
2363,31,029,31029
2364,31,153,31153
2365,31,157,31157
2366,31,177,31177
2367,31,077,31077
2368,31,181,31181
2369,31,025,31025
2370,31,031,31031
2371,31,011,31011
2372,31,097,31097
2373,31,045,31045
2374,31,063,31063
2375,31,129,31129
2376,31,099,31099
2377,31,051,31051
2378,31,093,31093
2379,31,103,31103
2380,31,113,31113
2381,31,027,31027
2382,31,115,31115
2383,31,143,31143
2384,31,009,31009
2385,31,105,31105
2386,31,073,31073
2387,31,083,31083
2388,31,137,31137
2389,31,081,31081
2390,31,023,31023
2391,17,077,17077
2392,17,107,17107
2393,17,067,17067
2394,17,037,17037
2395,17,137,17137
2396,17,155,17155
2397,17,203,17203
2398,17,053,17053
2399,17,045,17045
2400,17,165,17165
2401,17,147,17147
2402,17,095,17095
2403,17,189,17189
2404,17,105,17105
2405,17,079,17079
2406,49,053,49053
2407,49,005,49005
2408,49,023,49023
2409,06,045,06045
2410,06,039,06039
2411,06,115,06115
2412,13,033,13033
2413,13,179,13179
2414,13,195,13195
2415,13,279,13279
2416,13,207,13207
2417,13,065,13065
2418,13,219,13219
2419,13,019,13019
2420,13,049,13049
2421,13,075,13075
2422,13,229,13229
2423,13,099,13099
2424,13,167,13167
2425,13,269,13269
2426,13,093,13093
2427,13,085,13085
2428,13,177,13177
2429,13,015,13015
2430,13,317,13317
2431,13,171,13171
2432,13,143,13143
2433,13,069,13069
2434,13,125,13125
2435,13,245,13245
2436,13,289,13289
2437,13,311,13311
2438,13,201,13201
2439,13,199,13199
2440,13,217,13217
2441,13,205,13205
2442,13,133,13133
2443,13,261,13261
2444,13,243,13243
2445,13,119,13119
2446,13,235,13235
2447,13,027,13027
2448,13,055,13055
2449,36,057,36057
2450,26,123,26123
2451,26,157,26157
2452,26,141,26141
2453,26,025,26025
2454,26,111,26111
2455,26,019,26019
2456,26,069,26069
2457,26,001,26001
2458,26,045,26045
2459,26,053,26053
2460,36,023,36023
2461,26,011,26011
2462,26,063,26063
2463,26,137,26137
2464,26,153,26153
2465,26,051,26051
2466,26,027,26027
2467,26,071,26071
2468,26,033,26033
2469,36,041,36041
2470,26,023,26023
2471,26,103,26103
2472,26,155,26155
2473,26,005,26005
2474,26,131,26131
2475,26,159,26159
2476,26,147,26147
2477,26,085,26085
2478,26,113,26113
2479,26,003,26003
2480,26,073,26073
2481,26,009,26009
2482,26,047,26047
2483,26,095,26095
2484,26,143,26143
2485,36,123,36123
2486,26,075,26075
2487,26,083,26083
2488,26,061,26061
2489,26,109,26109
2490,26,041,26041
2491,26,149,26149
2492,26,031,26031
2493,26,091,26091
2494,36,095,36095
2495,36,037,36037
2496,26,043,26043
2497,26,007,26007
2498,26,129,26129
2499,36,101,36101
2500,26,115,26115
2501,26,165,26165
2502,26,037,26037
2503,26,015,26015
2504,26,119,26119
2505,26,107,26107
2506,26,013,26013
2507,26,055,26055
2508,26,017,26017
2509,26,151,26151
2510,26,127,26127
2511,26,067,26067
2512,26,093,26093
2513,26,021,26021
2514,36,115,36115
2515,26,089,26089
2516,28,105,28105
2517,28,059,28059
2518,28,095,28095
2519,28,071,28071
2520,28,079,28079
2521,28,069,28069
2522,28,081,28081
2523,28,109,28109
2524,28,051,28051
2525,22,113,22113
2526,22,083,22083
2527,22,097,22097
2528,48,299,48299
2529,48,377,48377
2530,48,133,48133
2531,48,403,48403
2532,48,481,48481
2533,48,401,48401
2534,48,285,48285
2535,48,075,48075
2536,05,047,05047
2537,05,117,05117
2538,05,057,05057
2539,05,077,05077
2540,05,029,05029
2541,05,067,05067
2542,05,043,05043
2543,05,037,05037
2544,05,019,05019
2545,05,033,05033
2546,05,065,05065
2547,05,127,05127
2548,05,073,05073
2549,05,093,05093
2550,05,055,05055
2551,05,045,05045
2552,05,069,05069
2553,05,113,05113
2554,05,009,05009
2555,05,071,05071
2556,05,103,05103
2557,05,007,05007
2558,05,125,05125
2559,05,129,05129
2560,05,011,05011
2561,05,149,05149
2562,05,135,05135
2563,40,107,40107
2564,40,123,40123
2565,40,129,40129
2566,40,075,40075
2567,40,009,40009
2568,40,005,40005
2569,40,001,40001
2570,40,103,40103
2571,40,057,40057
2572,40,093,40093
2573,40,003,40003
2574,40,035,40035
2575,40,085,40085
2576,40,007,40007
2577,40,127,40127
2578,40,137,40137
2579,40,097,40097
2580,40,013,40013
2581,40,071,40071
2582,40,101,40101
2583,40,065,40065
2584,40,025,40025
2585,40,045,40045
2586,40,115,40115
2587,40,087,40087
2588,54,093,54093
2589,54,011,54011
2590,54,057,54057
2591,54,027,54027
2592,54,039,54039
2593,54,041,54041
2594,54,013,54013
2595,54,107,54107
2596,54,073,54073
2597,54,017,54017
2598,54,081,54081
2599,54,091,54091
2600,08,071,08071
2601,54,019,54019
2602,54,083,54083
2603,08,043,08043
2604,54,099,54099
2605,54,003,54003
2606,54,045,54045
2607,54,035,54035
2608,54,025,54025
2609,08,051,08051
2610,54,109,54109
2611,54,079,54079
2612,08,021,08021
2613,54,077,54077
2614,54,101,54101
2615,54,071,54071
2616,54,085,54085
2617,54,103,54103
2618,08,037,08037
2619,54,087,54087
2620,54,007,54007
2621,54,097,54097
2622,54,047,54047
2623,54,089,54089
2624,20,201,20201
2625,20,131,20131
2626,20,113,20113
2627,20,135,20135
2628,20,067,20067
2629,20,139,20139
2630,20,099,20099
2631,20,047,20047
2632,20,103,20103
2633,20,107,20107
2634,20,127,20127
2635,20,163,20163
2636,20,007,20007
2637,20,003,20003
2638,20,039,20039
2639,20,181,20181
2640,20,069,20069
2641,20,009,20009
2642,20,025,20025
2643,20,169,20169
2644,20,095,20095
2645,20,079,20079
2646,20,061,20061
2647,20,171,20171
2648,20,089,20089
2649,20,205,20205
2650,31,107,31107
2651,31,127,31127
2652,31,123,31123
2653,31,079,31079
2654,31,175,31175
2655,31,119,31119
2656,31,061,31061
2657,31,125,31125
2658,31,085,31085
2659,31,067,31067
2660,31,185,31185
2661,31,117,31117
2662,31,135,31135
2663,31,149,31149
2664,31,001,31001
2665,17,183,17183
2666,17,177,17177
2667,17,159,17159
2668,17,081,17081
2669,17,179,17179
2670,17,173,17173
2671,17,087,17087
2672,17,175,17175
2673,17,193,17193
2674,17,167,17167
2675,17,061,17061
2676,17,141,17141
2677,17,093,17093
2678,49,027,49027
2679,49,047,49047
2680,49,041,49041
2681,49,051,49051
2682,49,019,49019
2683,49,025,49025
2684,49,021,49021
2685,49,043,49043
2686,49,013,49013
2687,49,031,49031
2688,49,055,49055
2689,49,039,49039
2690,06,063,06063
2691,13,005,13005
2692,13,287,13287
2693,13,185,13185
2694,13,003,13003
2695,13,281,13281
2696,13,251,13251
2697,13,285,13285
2698,13,175,13175
2699,13,111,13111
2700,13,275,13275
2701,13,043,13043
2702,13,037,13037
2703,13,007,13007
2704,13,181,13181
2705,13,081,13081
2706,13,153,13153
2707,13,227,13227
2708,13,307,13307
2709,13,305,13305
2710,13,103,13103
2711,13,139,13139
2712,13,271,13271
2713,39,159,39159
2714,39,031,39031
2715,26,087,26087
2716,26,097,26097
2717,39,149,39149
2718,39,027,39027
2719,39,107,39107
2720,39,075,39075
2721,39,143,39143
2722,39,105,39105
2723,39,007,39007
2724,26,039,26039
2725,39,111,39111
2726,39,015,39015
2727,39,067,39067
2728,39,003,39003
2729,39,053,39053
2730,42,019,42019
2731,39,139,39139
2732,39,023,39023
2733,39,161,39161
2734,39,047,39047
2735,39,051,39051
2736,39,175,39175
2737,39,087,39087
2738,39,039,39039
2739,26,059,26059
2740,26,121,26121
2741,39,073,39073
2742,39,115,39115
2743,26,057,26057
2744,39,013,39013
2745,26,133,26133
2746,26,145,26145
2747,39,125,39125
2748,39,091,39091
2749,39,077,39077
2750,26,135,26135
2751,26,029,26029
2752,26,117,26117
2753,26,105,26105
2754,39,029,39029
2755,39,045,39045
2756,39,117,39117
2757,26,035,26035
2758,26,079,26079
2759,39,135,39135
2760,42,109,42109
2761,26,101,26101
2762,39,123,39123
2763,02,100,02100
2764,02,060,02060
2765,28,083,28083
2766,28,073,28073
2767,28,153,28153
2768,28,149,28149
2769,28,117,28117
2770,28,091,28091
2771,28,143,28143
2772,28,031,28031
2773,28,061,28061
2774,28,129,28129
2775,28,133,28133
2776,28,125,28125
2777,22,009,22009
2778,22,053,22053
2779,22,061,22061
2780,22,077,22077
2781,22,105,22105
2782,22,069,22069
2783,51,143,51143
2784,51,680,51680
2785,51,005,51005
2786,51,011,51011
2787,51,169,51169
2788,51,595,51595
2789,51,079,51079
2790,51,101,51101
2791,48,257,48257
2792,48,341,48341
2793,48,327,48327
2794,48,137,48137
2795,48,409,48409
2796,48,445,48445
2797,48,105,48105
2798,48,225,48225
2799,48,473,48473
2800,48,081,48081
2801,48,475,48475
2802,48,449,48449
2803,48,281,48281
2804,48,207,48207
2805,48,317,48317
2806,05,083,05083
2807,10,001,10001
2808,34,041,34041
2809,05,063,05063
2810,34,033,34033
2811,05,147,05147
2812,42,065,42065
2813,05,003,05003
2814,10,005,10005
2815,05,097,05097
2816,05,133,05133
2817,05,141,05141
2818,05,059,05059
2819,40,051,40051
2820,30,069,30069
2821,40,011,40011
2822,30,073,30073
2823,40,121,40121
2824,40,153,40153
2825,40,147,40147
2826,40,073,40073
2827,40,033,40033
2828,40,039,40039
2829,40,047,40047
2830,40,077,40077
2831,40,149,40149
2832,40,037,40037
2833,40,063,40063
2834,40,135,40135
2835,40,061,40061
2836,40,083,40083
2837,40,113,40113
2838,40,021,40021
2839,40,145,40145
2840,40,049,40049
2841,40,081,40081
2842,40,027,40027
2843,40,017,40017
2844,40,111,40111
2845,40,151,40151
2846,40,019,40019
2847,40,069,40069
2848,40,117,40117
2849,40,131,40131
2850,40,125,40125
2851,40,089,40089
2852,08,089,08089
2853,08,067,08067
2854,08,117,08117
2855,08,027,08027
2856,08,097,08097
2857,08,025,08025
2858,08,017,08017
2859,08,011,08011
2860,08,039,08039
2861,08,125,08125
2862,08,065,08065
2863,08,029,08029
2864,08,023,08023
2865,08,045,08045
2866,08,087,08087
2867,08,099,08099
2868,08,083,08083
2869,08,079,08079
2870,08,073,08073
2871,08,103,08103
2872,08,115,08115
2873,08,113,08113
2874,08,003,08003
2875,20,203,20203
2876,20,189,20189
2877,20,065,20065
2878,20,093,20093
2879,20,063,20063
2880,20,133,20133
2881,20,183,20183
2882,20,167,20167
2883,20,153,20153
2884,20,161,20161
2885,20,031,20031
2886,20,185,20185
2887,20,049,20049
2888,20,143,20143
2889,20,073,20073
2890,20,119,20119
2891,53,045,53045
2892,53,051,53051
2893,53,057,53057
2894,53,009,53009
2895,53,019,53019
2896,24,009,24009
2897,53,003,53003
2898,53,037,53037
2899,53,039,53039
2900,31,089,31089
2901,31,141,31141
2902,31,059,31059
2903,31,041,31041
2904,31,019,31019
2905,17,125,17125
2906,17,199,17199
2907,49,017,49017
2908,49,033,49033
2909,06,043,06043
2910,06,003,06003
2911,06,021,06021
2912,49,015,49015
2913,06,035,06035
2914,06,015,06015
2915,13,221,13221
2916,25,003,25003
2917,13,303,13303
2918,13,021,13021
2919,13,255,13255
2920,13,091,13091
2921,13,265,13265
2922,21,217,21217
2923,21,121,21121
2924,13,087,13087
2925,21,071,21071
2926,21,125,21125
2927,21,035,21035
2928,13,187,13187
2929,13,047,13047
2930,13,031,13031
2931,21,107,21107
2932,21,005,21005
2933,21,097,21097
2934,21,103,21103
2935,13,165,13165
2936,13,141,13141
2937,13,293,13293
2938,13,095,13095
2939,13,215,13215
2940,21,013,21013
2941,21,137,21137
2942,13,061,13061
2943,13,197,13197
2944,13,097,13097
2945,13,077,13077
2946,13,259,13259
2947,13,149,13149
2948,13,319,13319
2949,13,309,13309
2950,25,011,25011
2951,25,015,25015
2952,13,191,13191
2953,13,321,13321
2954,13,035,13035
2955,21,117,21117
2956,13,159,13159
2957,13,193,13193
2958,13,145,13145
2959,21,015,21015
2960,13,277,13277
2961,13,161,13161
2962,21,101,21101
2963,21,063,21063
2964,21,233,21233
2965,21,019,21019
2966,13,257,13257
2967,21,073,21073
2968,13,071,13071
2969,21,051,21051
2970,21,129,21129
2971,21,157,21157
2972,21,095,21095
2973,21,053,21053
2974,21,087,21087
2975,21,171,21171
2976,21,191,21191
2977,21,061,21061
2978,21,135,21135
2979,13,283,13283
2980,13,189,13189
2981,21,139,21139
2982,21,231,21231
2983,21,169,21169
2984,21,079,21079
2985,21,075,21075
2986,21,237,21237
2987,21,109,21109
2988,21,205,21205
2989,21,127,21127
2990,21,181,21181
2991,21,183,21183
2992,21,187,21187
2993,21,185,21185
2994,21,215,21215
2995,21,153,21153
2996,21,007,21007
2997,21,115,21115
2998,21,089,21089
2999,21,141,21141
3000,21,151,21151
3001,13,115,13115
3002,21,123,21123
3003,21,143,21143
3004,13,237,13237
3005,13,273,13273
3006,21,179,21179
3007,21,085,21085
3008,21,017,21017
3009,21,093,21093
3010,21,057,21057
3011,21,173,21173
3012,21,161,21161
3013,13,267,13267
3014,21,145,21145
3015,21,229,21229
3016,13,079,13079
3017,13,183,13183
3018,21,043,21043
3019,21,003,21003
3020,21,219,21219
3021,21,011,21011
3022,21,049,21049
3023,13,147,13147
3024,13,053,13053
3025,13,209,13209
3026,21,083,21083
3027,21,039,21039
3028,21,091,21091
3029,13,297,13297
3030,13,231,13231
3031,13,017,13017
3032,13,013,13013
3033,13,011,13011
3034,13,223,13223
3035,13,131,13131
3036,21,223,21223
3037,21,029,21029
3038,21,225,21225
3039,21,065,21065
3040,13,129,13129
3041,21,167,21167
3042,21,105,21105
3043,21,133,21133
3044,13,157,13157
3045,21,193,21193
3046,21,177,21177
3047,13,313,13313
3048,13,137,13137
3049,21,199,21199
3050,21,069,21069
3051,21,077,21077
3052,39,021,39021
3053,39,131,39131
3054,39,081,39081
3055,12,017,12017
3056,39,147,39147
3057,39,109,39109
3058,12,037,12037
3059,39,033,39033
3060,39,169,39169
3061,39,141,39141
3062,39,043,39043
3063,39,157,39157
3064,39,041,39041
3065,12,047,12047
3066,12,063,12063
3067,12,093,12093
3068,12,087,12087
3069,39,009,39009
3070,39,097,39097
3071,39,089,39089
3072,39,057,39057
3073,39,167,39167
3074,12,029,12029
3075,39,137,39137
3076,12,065,12065
3077,39,173,39173
3078,39,059,39059
3079,39,119,39119
3080,39,055,39055
3081,39,101,39101
3082,39,025,39025
3083,39,071,39071
3084,39,099,39099
3085,39,127,39127
3086,39,121,39121
3087,39,065,39065
3088,39,011,39011
3089,39,083,39083
3090,39,129,39129
3091,39,171,39171
3092,39,133,39133
3093,39,001,39001
3094,39,037,39037
3095,39,019,39019
3096,39,079,39079
3097,39,005,39005
3098,39,163,39163
3099,39,063,39063
3100,28,057,28057
3101,48,013,48013
3102,28,139,28139
3103,28,097,28097
3104,28,063,28063
3105,28,123,28123
3106,28,157,28157
3107,28,111,28111
3108,28,119,28119
3109,28,113,28113
3110,28,121,28121
3111,28,085,28085
3112,22,101,22101
3113,22,117,22117
3114,22,111,22111
3115,22,057,22057
3116,22,045,22045
3117,22,015,22015
3118,22,031,22031
3119,51,620,51620
3120,51,141,51141
3121,51,181,51181
3122,51,117,51117
3123,51,053,51053
3124,51,069,51069
3125,51,023,51023
3126,51,027,51027
3127,51,071,51071
3128,51,570,51570
3129,51,650,51650
3130,51,147,51147
3131,51,075,51075
3132,51,133,51133
3133,51,167,51167
3134,51,520,51520
3135,51,149,51149
3136,51,139,51139
3137,51,083,51083
3138,51,031,51031
3139,51,175,51175
3140,51,127,51127
3141,51,111,51111
3142,51,065,51065
3143,51,109,51109
3144,51,155,51155
3145,51,099,51099
3146,51,159,51159
3147,51,057,51057
3148,51,035,51035
3149,51,161,51161
3150,51,720,51720
3151,51,043,51043
3152,51,630,51630
3153,51,125,51125
3154,51,067,51067
3155,51,195,51195
3156,48,211,48211
3157,48,205,48205
3158,48,503,48503
3159,48,051,48051
3160,48,199,48199
3161,48,177,48177
3162,48,311,48311
3163,48,143,48143
3164,48,223,48223
3165,48,313,48313
3166,48,307,48307
3167,48,129,48129
3168,48,263,48263
3169,48,385,48385
3170,48,435,48435
3171,48,329,48329
3172,48,229,48229
3173,48,507,48507
3174,48,203,48203
3175,48,093,48093
3176,48,335,48335
3177,48,349,48349
3178,48,103,48103
3179,16,061,16061
3180,16,049,16049
3181,30,039,30039
3182,16,025,16025
3183,30,067,30067
3184,16,077,16077
3185,30,089,30089
3186,30,041,30041
3187,30,035,30035
3188,16,007,16007
3189,30,015,30015
3190,30,059,30059
3191,16,057,16057
3192,16,087,16087
3193,16,027,16027
3194,30,055,30055
3195,30,111,30111
3196,30,071,30071
3197,30,011,30011
3198,30,077,30077
3199,16,045,16045
3200,16,029,16029
3201,30,093,30093
3202,30,063,30063
3203,16,033,16033
3204,30,079,30079
3205,30,105,30105
3206,30,009,30009
3207,30,013,30013
3208,30,101,30101
3209,30,065,30065
3210,30,047,30047
3211,16,059,16059
3212,16,043,16043
3213,30,075,30075
3214,30,033,30033
3215,30,001,30001
3216,30,031,30031
3217,30,007,30007
3218,30,085,30085
3219,30,083,30083
3220,30,095,30095
3221,16,017,16017
3222,30,051,30051
3223,30,099,30099
3224,30,049,30049
3225,16,083,16083
3226,30,103,30103
3227,30,025,30025
3228,30,023,30023
3229,16,019,16019
3230,30,091,30091
3231,30,087,30087
3232,30,003,30003
3233,30,005,30005
3234,30,053,30053
3235,30,029,30029
3236,30,057,30057
3237,30,045,30045
3238,30,107,30107
3239,30,081,30081
3240,30,037,30037
3241,30,021,30021
3242,30,019,30019
3243,16,067,16067
3244,30,017,30017
3245,30,109,30109
3246,30,061,30061
3247,16,021,16021
3248,30,043,30043
3249,30,027,30027
3250,30,097,30097
3251,16,015,16015
3252,16,037,16037
3253,08,095,08095
3254,08,091,08091
3255,08,077,08077
3256,08,109,08109
3257,08,035,08035
3258,08,033,08033
3259,08,105,08105
3260,08,101,08101
3261,08,063,08063
3262,08,009,08009
3263,08,049,08049
3264,08,075,08075
3265,08,019,08019
3266,08,081,08081
3267,08,061,08061
3268,08,015,08015
3269,08,053,08053
3270,08,057,08057
3271,29,045,29045
3272,29,025,29025
3273,29,149,29149
3274,29,115,29115
3275,20,121,20121
3276,20,123,20123
3277,29,007,29007
3278,29,207,29207
3279,29,087,29087
3280,29,085,29085
3281,29,219,29219
3282,29,013,29013
3283,29,089,29089
3284,29,197,29197
3285,29,133,29133
3286,29,187,29187
3287,29,179,29179
3288,29,067,29067
3289,29,119,29119
3290,29,101,29101
3291,29,125,29125
3292,29,075,29075
3293,29,033,29033
3294,20,115,20115
3295,29,039,29039
3296,29,155,29155
3297,20,053,20053
3298,20,191,20191
3299,20,151,20151
3300,29,055,29055
3301,29,015,29015
3302,29,109,29109
3303,29,129,29129
3304,29,111,29111
3305,29,105,29105
3306,29,017,29017
3307,29,049,29049
3308,20,045,20045
3309,29,135,29135
3310,53,015,53015
3311,53,049,53049
3312,53,041,53041
3313,53,017,53017
3314,53,073,53073
3315,53,031,53031
3316,53,005,53005
3317,53,075,53075
3318,53,065,53065
3319,09,005,09005
3320,09,015,09015
3321,09,013,09013
3322,06,055,06055
3323,06,057,06057
3324,45,015,45015
3325,21,235,21235
3326,45,007,45007
3327,45,021,45021
3328,45,067,45067
3329,45,075,45075
3330,45,087,45087
3331,01,005,01005
3332,01,027,01027
3333,01,091,01091
3334,45,073,45073
3335,45,055,45055
3336,45,089,45089
3337,15,001,15001
3338,45,047,45047
3339,21,037,21037
3340,01,069,01069
3341,21,201,21201
3342,21,239,21239
3343,21,195,21195
3344,21,055,21055
3345,21,119,21119
3346,45,027,45027
3347,15,007,15007
3348,15,005,15005
3349,21,197,21197
3350,21,165,21165
3351,01,019,01019
3352,01,003,01003
3353,45,013,45013
3354,21,001,21001
3355,01,035,01035
3356,01,029,01029
3357,01,067,01067
3358,01,041,01041
3359,01,083,01083
3360,01,047,01047
3361,01,039,01039
3362,01,117,01117
3363,01,007,01007
3364,01,013,01013
3365,21,031,21031
3366,01,087,01087
3367,01,001,01001
3368,01,059,01059
3369,01,095,01095
3370,01,121,01121
3371,45,061,45061
3372,21,045,21045
3373,01,127,01127
3374,21,131,21131
3375,01,077,01077
3376,33,007,33007
3377,01,103,01103
3378,45,049,45049
3379,21,009,21009
3380,01,107,01107
3381,21,163,21163
3382,21,025,21025
3383,01,055,01055
3384,21,207,21207
3385,21,203,21203
3386,21,211,21211
3387,21,047,21047
3388,21,027,21027
3389,45,039,45039
3390,45,053,45053
3391,01,045,01045
3392,01,123,01123
3393,45,011,45011
3394,21,221,21221
3395,15,009,15009
3396,21,021,21021
3397,21,113,21113
3398,01,061,01061
3399,01,131,01131
3400,45,019,45019
3401,21,041,21041
3402,01,119,01119
3403,21,099,21099
3404,21,189,21189
3405,01,079,01079
3406,01,015,01015
3407,01,071,01071
3408,33,017,33017
3409,21,213,21213
3410,01,093,01093
3411,01,049,01049
3412,21,147,21147
3413,01,109,01109
3414,01,105,01105
3415,01,033,01033
3416,45,069,45069
3417,21,155,21155
3418,01,051,01051
3419,45,065,45065
3420,01,129,01129
3421,01,017,01017
3422,01,025,01025
3423,33,005,33005
3424,21,081,21081
3425,01,115,01115
3426,21,149,21149
3427,21,209,21209
3428,01,021,01021
3429,01,011,01011
3430,01,063,01063
3431,21,175,21175
3432,01,009,01009
3433,45,029,45029
3434,45,077,45077
3435,21,023,21023
3436,01,037,01037
3437,45,009,45009
3438,45,005,45005
3439,45,043,45043
3440,45,037,45037
3441,45,081,45081
3442,21,059,21059
3443,01,133,01133
3444,01,113,01113
3445,01,031,01031
3446,45,033,45033
3447,01,099,01099
3448,21,159,21159
3449,45,025,45025
3450,45,017,45017
3451,45,001,45001
3452,45,071,45071
3453,45,023,45023
3454,45,057,45057
3455,45,003,45003
3456,45,041,45041
3457,01,075,01075
3458,01,023,01023
3459,01,043,01043
3460,01,053,01053
3461,21,033,21033
3462,01,111,01111
3463,01,057,01057
3464,45,031,45031
3465,45,085,45085
3466,01,081,01081
3467,01,085,01085
3468,01,065,01065
3469,12,045,12045
3470,12,067,12067
3471,12,023,12023
3472,12,129,12129
3473,12,013,12013
3474,12,085,12085
3475,12,003,12003
3476,12,109,12109
3477,12,121,12121
3478,12,007,12007
3479,12,019,12019
3480,12,123,12123
3481,12,055,12055
3482,12,051,12051
3483,12,039,12039
3484,12,015,12015
3485,12,043,12043
3486,12,131,12131
3487,12,125,12125
3488,12,027,12027
3489,12,059,12059
3490,12,041,12041
3491,12,053,12053
3492,12,079,12079
3493,12,035,12035
3494,12,005,12005
3495,12,061,12061
3496,12,075,12075
3497,12,107,12107
3498,12,119,12119
3499,12,091,12091
3500,12,049,12049
3501,12,089,12089
3502,36,049,36049
3503,12,077,12077
3504,12,113,12113
3505,12,133,12133
3506,02,050,02050
3507,02,068,02068
3508,28,099,28099
3509,28,127,28127
3510,28,103,28103
3511,28,161,28161
3512,28,017,28017
3513,28,033,28033
3514,28,075,28075
3515,28,131,28131
3516,28,067,28067
3517,28,135,28135
3518,28,089,28089
3519,28,159,28159
3520,28,155,28155
3521,28,137,28137
3522,22,025,22025
3523,22,125,22125
3524,22,011,22011
3525,22,037,22037
3526,22,013,22013
3527,22,119,22119
3528,22,107,22107
3529,22,067,22067
3530,22,091,22091
3531,51,710,51710
3532,51,580,51580
3533,51,025,51025
3534,51,047,51047
3535,51,033,51033
3536,51,119,51119
3537,51,165,51165
3538,51,730,51730
3539,51,145,51145
3540,51,173,51173
3541,51,760,51760
3542,51,700,51700
3543,51,735,51735
3544,51,095,51095
3545,51,678,51678
3546,51,037,51037
3547,51,051,51051
3548,51,187,51187
3549,51,045,51045
3550,51,019,51019
3551,48,497,48497
3552,48,477,48477
3553,48,243,48243
3554,48,183,48183
3555,34,019,34019
3556,46,049,46049
3557,46,073,46073
3558,46,099,46099
3559,46,033,46033
3560,46,129,46129
3561,46,011,46011
3562,46,017,46017
3563,16,073,16073
3564,16,081,16081
3565,16,075,16075
3566,46,039,46039
3567,46,115,46115
3568,46,127,46127
3569,16,013,16013
3570,16,051,16051
3571,46,025,46025
3572,16,069,16069
3573,46,085,46085
3574,46,135,46135
3575,46,035,46035
3576,46,071,46071
3577,46,119,46119
3578,16,047,16047
3579,46,043,46043
3580,46,109,46109
3581,46,007,46007
3582,46,111,46111
3583,46,097,46097
3584,16,053,16053
3585,16,003,16003
3586,46,053,46053
3587,16,035,16035
3588,16,039,16039
3589,16,071,16071
3590,16,085,16085
3591,46,047,46047
3592,46,093,46093
3593,16,009,16009
3594,16,063,16063
3595,16,031,16031
3596,16,041,16041
3597,16,023,16023
3598,16,065,16065
3599,16,079,16079
3600,16,011,16011
3601,46,079,46079
3602,46,063,46063
3603,16,005,16005
3604,46,117,46117
3605,08,111,08111
3606,08,085,08085
3607,08,014,08014
3608,08,121,08121
3609,08,107,08107
3610,08,007,08007
3611,08,047,08047
3612,08,093,08093
3613,29,063,29063
3614,29,011,29011
3615,29,035,29035
3616,29,205,29205
3617,29,225,29225
3618,29,163,29163
3619,29,021,29021
3620,29,031,29031
3621,29,203,29203
3622,29,169,29169
3623,29,001,29001
3624,29,173,29173
3625,29,117,29117
3626,29,127,29127
3627,29,069,29069
3628,29,091,29091
3629,29,199,29199
3630,29,177,29177
3631,29,019,29019
3632,29,121,29121
3633,17,063,17063
3634,17,003,17003
3635,17,007,17007
3636,17,017,17017
3637,17,025,17025
3638,17,073,17073
3639,17,057,17057
3640,17,075,17075
3641,09,007,09007
3642,17,001,17001
3643,06,101,06101
3644,06,105,06105
3645,47,051,47051
3646,18,083,18083
3647,19,127,19127
3648,47,021,47021
3649,18,175,18175
3650,18,081,18081
3651,47,029,47029
3652,47,007,47007
3653,47,155,47155
3654,47,045,47045
3655,47,061,47061
3656,18,075,18075
3657,47,023,47023
3658,18,039,18039
3659,47,173,47173
3660,47,067,47067
3661,47,131,47131
3662,47,139,47139
3663,19,011,19011
3664,19,041,19041
3665,19,165,19165
3666,19,043,19043
3667,47,167,47167
3668,18,045,18045
3669,19,097,19097
3670,19,079,19079
3671,19,173,19173
3672,19,139,19139
3673,47,091,47091
3674,47,107,47107
3675,47,069,47069
3676,47,081,47081
3677,19,197,19197
3678,19,045,19045
3679,19,095,19095
3680,19,021,19021
3681,19,193,19193
3682,19,109,19109
3683,47,111,47111
3684,47,105,47105
3685,19,195,19195
3686,18,137,18137
3687,47,079,47079
3688,19,183,19183
3689,19,161,19161
3690,47,071,47071
3691,18,131,18131
3692,47,055,47055
3693,47,187,47187
3694,47,141,47141
3695,19,091,19091
3696,47,159,47159
3697,47,115,47115
3698,47,099,47099
3699,18,105,18105
3700,47,125,47125
3701,47,165,47165
3702,47,005,47005
3703,18,111,18111
3704,18,067,18067
3705,47,129,47129
3706,47,185,47185
3707,19,035,19035
3708,47,121,47121
3709,18,051,18051
3710,47,059,47059
3711,47,147,47147
3712,18,013,18013
3713,18,047,18047
3714,18,025,18025
3715,47,033,47033
3716,47,013,47013
3717,47,039,47039
3718,47,101,47101
3719,47,177,47177
3720,19,189,19189
3721,47,053,47053
3722,19,119,19119
3723,18,095,18095
3724,18,091,18091
3725,19,125,19125
3726,19,107,19107
3727,19,103,19103
3728,47,089,47089
3729,18,019,18019
3730,18,063,18063
3731,18,033,18033
3732,47,171,47171
3733,18,123,18123
3734,19,135,19135
3735,18,145,18145
3736,47,127,47127
3737,47,047,47047
3738,18,099,18099
3739,18,179,18179
3740,47,137,47137
3741,47,063,47063
3742,18,135,18135
3743,18,041,18041
3744,47,003,47003
3745,47,049,47049
3746,18,153,18153
3747,18,101,18101
3748,18,169,18169
3749,47,163,47163
3750,18,059,18059
3751,47,161,47161
3752,47,143,47143
3753,18,151,18151
3754,19,141,19141
3755,47,001,47001
3756,19,061,19061
3757,19,177,19177
3758,19,069,19069
3759,19,077,19077
3760,19,101,19101
3761,19,059,19059
3762,19,067,19067
3763,19,007,19007
3764,33,001,33001
3765,33,015,33015
3766,19,051,19051
3767,19,039,19039
3768,19,013,19013
3769,33,013,33013
3770,19,163,19163
3771,19,149,19149
3772,19,131,19131
3773,19,049,19049
3774,19,147,19147
3775,19,071,19071
3776,19,159,19159
3777,19,023,19023
3778,19,137,19137
3779,19,181,19181
3780,19,053,19053
3781,19,187,19187
3782,19,025,19025
3783,19,123,19123
3784,19,015,19015
3785,19,113,19113
3786,19,099,19099
3787,19,145,19145
3788,19,093,19093
3789,19,047,19047
3790,19,003,19003
3791,19,031,19031
3792,33,009,33009
3793,19,027,19027
3794,19,009,19009
3795,19,055,19055
3796,19,083,19083
3797,19,167,19167
3798,33,003,33003
3799,33,019,33019
3800,19,001,19001
3801,19,175,19175
3802,19,129,19129
3803,19,185,19185
3804,19,133,19133
3805,19,085,19085
3806,19,117,19117
3807,19,063,19063
3808,19,019,19019
3809,19,037,19037
3810,19,057,19057
3811,19,029,19029
3812,19,005,19005
3813,19,121,19121
3814,19,033,19033
3815,19,065,19065
3816,19,017,19017
3817,19,171,19171
3818,19,143,19143
3819,19,087,19087
3820,19,157,19157
3821,19,081,19081
3822,19,191,19191
3823,19,105,19105
3824,19,151,19151
3825,19,073,19073
3826,19,115,19115
3827,19,179,19179
3828,19,111,19111
3829,19,169,19169
3830,19,075,19075
3831,19,155,19155
3832,19,089,19089
3833,28,163,28163
3834,28,015,28015
3835,28,037,28037
3836,28,041,28041
3837,28,019,28019
3838,28,035,28035
3839,28,151,28151
3840,22,049,22049
3841,22,003,22003
3842,22,043,22043
3843,22,041,22041
3844,22,005,22005
3845,22,039,22039
3846,22,115,22115
3847,22,121,22121
3848,51,770,51770
3849,51,015,51015
3850,51,081,51081
3851,51,089,51089
3852,51,740,51740
3853,51,093,51093
3854,51,515,51515
3855,51,049,51049
3856,51,097,51097
3857,51,061,51061
3858,51,036,51036
3859,51,197,51197
3860,51,103,51103
3861,51,177,51177
3862,51,063,51063
3863,51,199,51199
3864,51,840,51840
3865,48,295,48295
3866,48,319,48319
3867,48,213,48213
3868,48,195,48195
3869,48,071,48071
3870,48,217,48217
3871,48,375,48375
3872,48,249,48249
3873,48,119,48119
3874,48,433,48433
3875,48,135,48135
3876,48,323,48323
3877,48,023,48023
3878,48,365,48365
3879,48,187,48187
3880,34,037,34037
3881,46,103,46103
3882,46,137,46137
3883,46,091,46091
3884,46,095,46095
3885,46,045,46045
3886,46,021,46021
3887,46,061,46061
3888,46,029,46029
3889,46,023,46023
3890,46,105,46105
3891,46,075,46075
3892,46,121,46121
3893,46,055,46055
3894,46,069,46069
3895,46,081,46081
3896,46,067,46067
3897,46,015,46015
3898,04,011,04011
3899,46,107,46107
3900,46,065,46065
3901,46,019,46019
3902,04,023,04023
3903,04,005,04005
3904,46,027,46027
3905,46,009,46009
3906,46,089,46089
3907,46,003,46003
3908,46,005,46005
3909,46,013,46013
3910,46,057,46057
3911,46,051,46051
3912,46,101,46101
3913,46,031,46031
3914,46,123,46123
3915,46,059,46059
3916,46,087,46087
3917,46,113,46113
3918,46,083,46083
3919,46,125,46125
3920,46,077,46077
3921,46,037,46037
3922,46,041,46041
3923,08,055,08055
3924,29,009,29009
3925,29,059,29059
3926,29,223,29223
3927,29,195,29195
3928,29,081,29081
3929,29,161,29161
3930,29,073,29073
3931,29,065,29065
3932,29,186,29186
3933,29,139,29139
3934,29,107,29107
3935,29,151,29151
3936,29,217,29217
3937,29,181,29181
3938,29,213,29213
3939,53,071,53071
3940,53,023,53023
3941,53,001,53001
3942,17,059,17059
3943,17,071,17071
3944,17,029,17029
3945,49,029,49029
3946,06,109,06109
3947,49,037,49037
3948,49,045,49045
3949,06,091,06091
3950,06,033,06033
3951,06,049,06049
3952,06,017,06017
3953,47,035,47035
3954,27,061,27061
3955,47,025,47025
3956,47,153,47153
3957,18,079,18079
3958,47,043,47043
3959,18,113,18113
3960,18,177,18177
3961,18,121,18121
3962,47,175,47175
3963,27,077,27077
3964,27,025,27025
3965,27,113,27113
3966,27,085,27085
3967,27,033,27033
3968,27,045,27045
3969,47,015,47015
3970,27,005,27005
3971,47,087,47087
3972,18,073,18073
3973,18,027,18027
3974,27,133,27133
3975,18,119,18119
3976,47,009,47009
3977,27,091,27091
3978,27,167,27167
3979,27,151,27151
3980,18,053,18053
3981,47,183,47183
3982,18,087,18087
3983,18,021,18021
3984,18,023,18023
3985,18,107,18107
3986,18,017,18017
3987,27,139,27139
3988,47,011,47011
3989,18,171,18171
3990,47,027,47027
3991,47,145,47145
3992,47,019,47019
3993,18,049,18049
3994,47,041,47041
3995,18,165,18165
3996,47,017,47017
3997,18,029,18029
3998,18,147,18147
3999,18,015,18015
4000,18,069,18069
4001,47,083,47083
4002,47,135,47135
4003,18,103,18103
4004,47,169,47169
4005,18,065,18065
4006,47,095,47095
4007,18,109,18109
4008,27,035,27035
4009,47,031,47031
4010,27,039,27039
4011,47,073,47073
4012,18,077,18077
4013,47,119,47119
4014,18,037,18037
4015,18,161,18161
4016,47,151,47151
4017,47,117,47117
4018,47,103,47103
4019,47,077,47077
4020,18,031,18031
4021,27,041,27041
4022,18,155,18155
4023,27,009,27009
4024,18,181,18181
4025,18,043,18043
4026,47,133,47133
4027,18,093,18093
4028,18,159,18159
4029,18,183,18183
4030,47,075,47075
4031,18,001,18001
4032,18,035,18035
4033,18,085,18085
4034,47,085,47085
4035,18,129,18129
4036,18,117,18117
4037,18,061,18061
4038,18,143,18143
4039,18,173,18173
4040,47,057,47057
4041,47,181,47181
4042,47,097,47097
4043,18,005,18005
4044,18,167,18167
4045,18,125,18125
4046,18,127,18127
4047,18,007,18007
4048,18,115,18115
4049,47,123,47123
4050,18,071,18071
4051,18,055,18055
4052,47,189,47189
4053,18,149,18149
4054,47,109,47109
4055,18,139,18139
4056,18,133,18133
4057,18,009,18009
4058,47,113,47113
4059,28,047,28047
4060,28,065,28065
4061,22,023,22023
4062,22,035,22035
4063,51,091,51091
4064,51,029,51029
4065,51,113,51113
4066,51,085,51085
4067,51,105,51105
4068,51,009,51009
4069,51,135,51135
4070,51,077,51077
4071,51,007,51007
4072,51,590,51590
4073,51,157,51157
4074,51,670,51670
4075,51,800,51800
4076,51,121,51121
4077,48,021,48021
4078,48,015,48015
4079,48,003,48003
4080,48,001,48001
4081,48,031,48031
4082,51,021,51021
4083,51,163,51163
4084,51,115,51115
4085,48,123,48123
4086,51,131,51131
4087,51,017,51017
4088,51,830,51830
4089,51,191,51191
4090,51,137,51137
4091,48,019,48019
4092,48,007,48007
4093,48,009,48009
4094,48,011,48011
4095,48,025,48025
4096,48,005,48005
4097,51,640,51640
4098,48,017,48017
4099,48,163,48163
4100,48,147,48147
4101,48,175,48175
4102,48,301,48301
4103,48,067,48067
4104,48,035,48035
4105,48,219,48219
4106,48,411,48411
4107,48,265,48265
4108,48,333,48333
4109,48,097,48097
4110,48,487,48487
4111,48,235,48235
4112,48,055,48055
4113,48,247,48247
4114,48,109,48109
4115,48,459,48459
4116,48,073,48073
4117,48,095,48095
4118,48,381,48381
4119,48,267,48267
4120,48,275,48275
4121,48,373,48373
4122,48,221,48221
4123,48,407,48407
4124,48,395,48395
4125,48,493,48493
4126,48,353,48353
4127,48,101,48101
4128,48,057,48057
4129,48,397,48397
4130,48,297,48297
4131,48,345,48345
4132,48,421,48421
4133,48,357,48357
4134,48,091,48091
4135,04,009,04009
4136,04,003,04003
4137,04,015,04015
4138,04,001,04001
4139,50,017,50017
4140,23,007,23007
4141,23,025,23025
4142,23,017,23017
4143,50,003,50003
4144,50,019,50019
4145,23,027,23027
4146,23,015,23015
4147,50,007,50007
4148,23,013,23013
4149,23,001,23001
4150,23,011,23011
4151,23,021,23021
4152,29,159,29159
4153,29,103,29103
4154,29,145,29145
4155,29,171,29171
4156,29,041,29041
4157,29,113,29113
4158,29,131,29131
4159,29,123,29123
4160,29,005,29005
4161,29,221,29221
4162,29,211,29211
4163,29,023,29023
4164,29,061,29061
4165,29,043,29043
4166,29,167,29167
4167,29,057,29057
4168,29,003,29003
4169,29,201,29201
4170,29,147,29147
4171,29,143,29143
4172,29,027,29027
4173,29,157,29157
4174,29,029,29029
4175,29,051,29051
4176,29,227,29227
4177,29,097,29097
4178,29,175,29175
4179,29,209,29209
4180,29,053,29053
4181,53,055,53055
4182,53,059,53059
4183,53,025,53025
4184,53,029,53029
4185,53,027,53027
4186,53,069,53069
4187,53,013,53013
4188,53,047,53047
4189,17,013,17013
4190,17,151,17151
4191,17,101,17101
4192,17,103,17103
4193,17,123,17123
4194,17,027,17027
4195,17,113,17113
4196,17,145,17145
4197,06,027,06027
4198,06,031,06031
4199,06,023,06023
4200,37,061,37061
4201,37,147,37147
4202,27,103,27103
4203,27,119,27119
4204,37,191,37191
4205,27,055,27055
4206,27,105,27105
4207,27,141,27141
4208,37,185,37185
4209,27,069,27069
4210,27,015,27015
4211,37,115,37115
4212,27,011,27011
4213,27,131,27131
4214,27,013,27013
4215,37,113,37113
4216,37,175,37175
4217,37,181,37181
4218,37,059,37059
4219,27,067,27067
4220,37,195,37195
4221,27,161,27161
4222,37,001,37001
4223,37,139,37139
4224,37,135,37135
4225,37,131,37131
4226,27,063,27063
4227,27,129,27129
4228,27,147,27147
4229,27,093,27093
4230,27,135,27135
4231,37,167,37167
4232,27,149,27149
4233,37,007,37007
4234,37,053,37053
4235,27,073,27073
4236,27,155,27155
4237,27,027,27027
4238,37,035,37035
4239,37,043,37043
4240,27,065,27065
4241,37,189,37189
4242,27,173,27173
4243,27,089,27089
4244,27,157,27157
4245,27,107,27107
4246,37,161,37161
4247,37,019,37019
4248,37,125,37125
4249,37,047,37047
4250,37,005,37005
4251,37,041,37041
4252,27,099,27099
4253,27,145,27145
4254,27,115,27115
4255,37,065,37065
4256,27,153,27153
4257,27,031,27031
4258,37,159,37159
4259,37,025,37025
4260,27,071,27071
4261,37,145,37145
4262,27,051,27051
4263,37,117,37117
4264,37,091,37091
4265,37,055,37055
4266,37,093,37093
4267,37,015,37015
4268,27,029,27029
4269,27,125,27125
4270,37,129,37129
4271,37,177,37177
4272,27,095,27095
4273,37,049,37049
4274,37,169,37169
4275,37,039,37039
4276,37,173,37173
4277,27,007,27007
4278,27,143,27143
4279,37,095,37095
4280,37,141,37141
4281,37,073,37073
4282,37,187,37187
4283,37,151,37151
4284,37,011,37011
4285,37,137,37137
4286,27,023,27023
4287,37,009,37009
4288,37,197,37197
4289,27,127,27127
4290,27,111,27111
4291,27,121,27121
4292,27,081,27081
4293,27,017,27017
4294,27,001,27001
4295,27,059,27059
4296,27,171,27171
4297,37,105,37105
4298,37,085,37085
4299,37,029,37029
4300,37,075,37075
4301,27,109,27109
4302,27,079,27079
4303,27,043,27043
4304,37,017,37017
4305,37,087,37087
4306,27,165,27165
4307,27,049,27049
4308,27,097,27097
4309,37,165,37165
4310,37,045,37045
4311,37,103,37103
4312,37,109,37109
4313,27,087,27087
4314,27,075,27075
4315,27,117,27117
4316,27,159,27159
4317,37,199,37199
4318,37,099,37099
4319,37,149,37149
4320,27,101,27101
4321,37,133,37133
4322,37,033,37033
4323,27,083,27083
4324,27,047,27047
4325,37,003,37003
4326,37,157,37157
4327,27,019,27019
4328,37,193,37193
4329,37,077,37077
4330,37,111,37111
4331,27,021,27021
4332,27,057,27057
4333,27,169,27169
4334,35,001,35001
4335,42,077,42077
4336,42,079,42079
4337,04,021,04021
4338,26,049,26049
4339,36,065,36065
4340,22,051,22051
4341,39,151,39151
4342,08,001,08001
4343,08,059,08059
4344,20,173,20173
4345,08,013,08013
4346,01,089,01089
4347,12,086,12086
4348,16,001,16001
4349,08,123,08123
4350,08,031,08031
4351,47,093,47093
4352,19,153,19153
4353,08,005,08005
4354,42,095,42095
4355,28,049,28049
4356,55,017,55017
4357,72,051,72051
4358,36,067,36067
4359,36,011,36011
4360,40,143,40143
4361,39,085,39085
4362,39,155,39155
4363,40,031,40031
4364,20,177,20177
4365,53,021,53021
4366,25,013,25013
4367,12,069,12069
4368,39,095,39095
4369,28,115,28115
4370,51,003,51003
4371,45,079,45079
4372,45,035,45035
4373,33,011,33011
4374,01,125,01125
4375,45,063,45063
4376,01,101,01101
4377,12,127,12127
4378,16,055,16055
4379,29,077,29077
4380,27,137,27137
4381,25,001,25001
4382,27,137,27137
4383,30,031,30031
4384,02,185,02185
4385,15,001,15001
4386,06,029,06029
4387,12,127,12127
4388,01,097,01097
4389,28,047,28047
4390,48,167,48167
4391,48,167,48167
4392,48,027,48027
4393,48,141,48141
4394,35,049,35049
4395,08,031,08031
4396,08,013,08013
4397,27,137,27137
4398,55,135,55135
4399,55,021,55021
4400,55,021,55021
4401,26,109,26109
4402,26,047,26047
4403,26,029,26029
4404,26,029,26029
4405,26,165,26165
4406,26,055,26055
4407,26,021,26021
4408,26,021,26021
4409,26,025,26025
4410,26,163,26163
4411,17,201,17201
4412,17,031,17031
4413,17,105,17105
4414,17,019,17019
4415,23,019,23019
4416,23,027,23027
4417,23,027,23027
4418,23,013,23013
4419,23,015,23015
4420,23,015,23015
4421,23,023,23023
4422,23,031,23031
4423,33,009,33009
4424,33,009,33009
4425,33,001,33001
4426,33,017,33017
4427,33,015,33015
4428,50,023,50023
4429,50,021,50021
4430,50,021,50021
4431,50,027,50027
4432,50,027,50027
4433,50,025,50025
4434,36,019,36019
4435,36,019,36019
4436,36,031,36031
4437,36,031,36031
4438,36,031,36031
4439,36,115,36115
4440,36,065,36065
4441,36,013,36013
4442,36,013,36013
4443,25,025,25025
4444,25,025,25025
4445,44,009,44009
4446,09,011,09011
4447,09,003,09003
4448,09,009,09009
4449,34,013,34013
4450,34,001,34001
4451,34,001,34001
4452,42,029,42029
4453,42,071,42071
4454,42,013,42013
4455,24,045,24045
4456,51,153,51153
4457,54,019,54019
4458,37,183,37183
4459,37,067,37067
4460,04,005,04005
4461,04,005,04005
4462,04,005,04005
4463,04,005,04005
4464,04,025,04025
4465,04,015,04015
4466,04,013,04013
4467,32,003,32003
4468,30,035,30035
4469,30,029,30029
4470,06,073,06073
4471,06,059,06059
4472,06,059,06059
4473,06,065,06065
4474,06,037,06037
4475,06,037,06037
4476,06,065,06065
4477,06,071,06071
4478,06,037,06037
4479,06,071,06071
4480,06,071,06071
4481,06,071,06071
4482,06,071,06071
4483,06,029,06029
4484,06,111,06111
4485,06,111,06111
4486,06,111,06111
4487,41,035,41035
4488,41,017,41017
4489,41,047,41047
4490,53,075,53075
4491,53,039,53039
4492,53,025,53025
4493,53,025,53025
4494,53,047,53047
4495,53,047,53047
4496,53,007,53007
4497,53,007,53007
4498,41,045,41045
4499,41,017,41017
4500,41,017,41017
4501,41,029,41029
4502,41,041,41041
4503,41,007,41007
4504,41,007,41007
4505,41,007,41007
4506,41,007,41007
4507,41,007,41007
4508,41,007,41007
4509,06,093,06093
4510,06,093,06093
4511,06,093,06093
4512,06,023,06023
4513,06,023,06023
4514,06,023,06023
4515,06,023,06023
4516,06,023,06023
4517,06,103,06103
4518,06,045,06045
4519,06,045,06045
4520,06,097,06097
4521,06,097,06097
4522,06,095,06095
4523,06,095,06095
4524,06,095,06095
4525,06,067,06067
4526,06,057,06057
4527,06,057,06057
4528,06,061,06061
4529,06,017,06017
4530,06,075,06075
4531,06,075,06075
4532,06,075,06075
4533,06,075,06075
4534,06,001,06001
4535,06,001,06001
4536,06,001,06001
4537,06,077,06077
4538,06,051,06051
4539,06,051,06051
4540,06,043,06043
4541,06,043,06043
4542,06,099,06099
4543,06,085,06085
4544,06,085,06085
4545,06,087,06087
4546,06,053,06053
4547,06,053,06053
4548,06,053,06053
4549,06,053,06053
4550,06,053,06053
4551,06,069,06069
4552,06,069,06069
4553,06,031,06031
4554,06,031,06031
4555,06,031,06031
4556,06,031,06031
4557,06,107,06107
4558,06,079,06079
4559,06,079,06079
4560,06,079,06079
4561,06,083,06083
4562,06,083,06083
4563,06,083,06083
4564,06,083,06083
4565,06,083,06083
4566,06,083,06083
4568,,,
4569,,,
