naics,f1,f2,f3,f4,f5,f6,f7,f8,f9,f10,f11,f12,f13,f14,f15,f16,f17,f18,f19,f20,f21,f22,f23
113110,296,66,15,12,6,2,3,1,3,3,1,,1,1,,1,5,1,1,,3,2,2
113210,103,28,6,5,5,2,1,1,1,1,,3,,1,,,,,1,,,,2
113310,4642,1777,641,274,150,101,58,46,43,37,16,12,3,1,1,2,2,3,3,2,1,1,3
114111,1114,57,13,7,2,2,1,,5,4,1,1,3,3,,,,,,,,,1
114112,959,23,7,3,5,1,2,1,,2,3,1,1,,1,,,,,,,,
114119,65,5,1,,,,,,1,,,,,,,,,,,,,,
114210,248,47,13,8,4,2,2,,3,,,,1,1,,,1,,,,,,
115111,72,57,31,18,7,5,4,4,4,3,3,2,,,1,1,2,,,,,2,
115112,1500,323,100,36,26,16,7,11,11,7,5,8,2,7,4,2,1,,,,,1,1
115113,225,39,14,7,5,3,1,2,,4,3,3,2,4,,,,,,,,1,
115114,288,124,63,38,26,13,15,8,19,41,37,23,19,20,6,4,6,1,3,3,1,9,10
115115,281,58,24,9,7,14,3,12,8,12,4,5,5,7,3,2,2,,,,1,,
115116,383,64,22,15,9,6,5,4,4,6,4,5,,5,1,,,,2,,,2,
115210,3327,575,143,49,27,19,19,10,10,16,5,11,5,4,1,3,,,3,1,,3,7
115310,1151,181,58,43,20,23,10,8,15,17,11,8,1,1,3,,1,,,2,,3,1
211111,4457,965,318,167,93,74,43,41,57,71,44,40,18,27,10,11,12,11,16,9,6,16,26
211112,62,16,7,2,2,,1,2,2,2,4,2,3,1,2,1,4,3,8,3,,7,15
212111,99,41,28,16,13,7,8,7,8,12,13,6,7,6,6,1,5,2,6,5,1,3,11
212112,51,15,16,18,13,4,6,4,6,6,8,6,1,5,7,2,3,2,6,1,2,4,9
212113,24,9,3,3,,1,1,2,,,2,3,,,,,,,1,,,,
212210,4,2,1,,1,,,,,1,,1,,,1,,1,,,,,,4
212221,107,19,10,5,4,3,2,,4,2,3,1,3,2,2,2,2,,,1,,4,
212222,2,2,,2,,,,1,,3,,1,,1,,,1,1,,,,,
212231,8,,1,,,,,,,,,,,,,2,1,1,,,,1,
212234,6,2,6,1,2,,1,1,1,1,1,1,,,3,,1,1,,,,4,1
212291,9,1,3,,,,1,1,1,1,1,,,2,,,,,,,,,1
212299,20,2,3,,,,1,1,,,,,1,,,1,2,,,1,1,,3
212311,143,42,22,10,4,5,3,5,6,2,4,2,2,3,,1,2,1,,,,,2
212312,150,112,69,36,24,19,17,7,28,34,18,13,12,9,6,8,7,3,4,6,8,5,10
212313,35,31,12,12,4,1,1,3,6,4,1,4,1,6,4,1,1,1,1,,,3,6
212319,139,56,33,17,7,12,6,4,7,12,4,8,4,5,4,1,5,3,2,2,,3,9
212321,648,232,137,73,44,24,17,13,28,32,19,31,20,17,9,10,14,6,6,6,10,6,7
212322,29,13,13,1,2,4,1,5,5,5,,5,3,3,1,,1,2,,2,2,1,6
212324,4,2,1,,,,,,1,,1,,,,2,2,,1,,2,1,1,
212325,19,10,3,1,4,1,2,4,,2,3,3,,2,,1,1,1,,1,1,3,3
212391,4,3,1,1,,,,,,,1,,1,,,,3,2,,1,,1,
212392,1,2,,,,,,,,,,,,,1,,,,,,1,1,2
212393,11,2,3,,1,,,1,,5,,1,,2,1,,,1,1,1,,,2
212399,83,26,12,11,5,8,2,1,2,4,2,4,3,5,,2,,,1,1,2,2,6
213111,1177,259,115,92,64,46,41,36,39,49,37,49,13,27,14,10,10,5,9,4,2,12,11
213112,5465,1285,691,413,331,210,165,127,183,262,131,126,73,69,32,14,38,14,21,13,4,28,40
213113,96,34,25,12,7,8,5,5,6,8,8,10,3,5,3,1,1,2,2,,,1,6
213114,94,25,14,3,5,2,2,,5,3,3,,2,4,2,,,1,,,,4,1
213115,119,38,25,9,7,4,4,5,4,6,1,2,2,,1,1,1,,,1,,2,4
221111,76,13,10,3,2,,2,1,1,2,1,2,1,3,1,3,1,1,2,5,,3,15
221112,35,12,5,7,7,7,2,1,1,13,6,14,6,11,7,8,8,4,5,9,4,10,38
221113,,4,,,,,,,,,,,1,2,1,,,,3,,,,16
221114,43,12,10,5,2,2,3,1,1,2,1,,,,,1,1,1,2,,,3,2
221115,27,10,6,3,3,1,1,,,,2,1,,2,,3,,3,,2,3,3,9
221116,9,1,2,1,1,1,,1,,3,,,,1,,2,,,,,1,,1
221117,22,4,5,4,2,1,2,,1,2,2,3,1,1,,2,2,,4,1,,,5
221118,43,2,3,1,,2,,1,2,2,,1,1,1,,1,1,2,1,2,1,1,9
221121,12,5,4,1,,1,2,1,2,3,,2,1,3,,1,9,2,,1,1,,16
221122,168,60,51,64,69,77,63,53,92,168,87,93,37,39,7,11,9,4,4,10,4,10,37
221210,190,67,34,16,15,5,11,3,5,11,5,6,5,9,4,3,9,5,9,10,3,9,26
221310,2194,728,153,74,33,15,13,13,7,23,7,15,4,8,5,7,6,3,2,2,2,1,4
221320,200,78,26,9,6,5,2,3,4,6,9,6,3,4,3,1,1,1,2,2,1,2,4
221330,7,2,,3,2,1,2,,2,1,1,,1,1,1,,,,1,,,,8
236115,41129,6714,1753,650,375,182,105,75,115,86,46,41,14,7,5,2,5,4,3,3,2,7,5
236116,1677,411,176,113,67,46,41,32,39,50,24,24,11,11,10,4,8,1,1,2,2,1,3
236117,8797,1812,553,252,149,95,85,53,51,81,31,28,23,23,8,3,9,5,9,5,3,6,6
236118,77070,9714,2703,1115,547,292,212,156,186,175,74,61,23,16,13,5,7,1,4,1,,3,5
236210,1439,556,260,142,75,71,61,40,60,58,33,34,20,23,9,7,12,7,9,3,4,7,20
236220,18604,7239,3446,2030,1336,834,627,449,600,615,306,250,108,114,55,21,45,26,21,18,7,21,43
237110,5592,2111,910,567,372,223,196,124,199,224,112,68,49,42,12,8,6,4,7,4,3,11,15
237120,556,269,159,105,67,62,45,39,73,108,62,60,49,47,25,10,24,9,13,11,5,15,26
237130,2079,919,490,282,200,141,108,92,133,177,72,79,51,35,16,15,12,11,12,8,7,13,33
237210,4137,603,202,85,37,29,20,19,25,24,21,14,13,12,4,5,5,4,3,2,1,4,12
237310,3787,1560,850,521,369,286,232,169,256,360,175,188,112,83,44,22,29,11,15,15,5,12,25
237990,2347,703,332,182,118,84,40,35,65,76,41,37,22,13,10,11,8,6,7,5,2,8,16
238110,11476,3298,1343,698,435,269,219,161,217,253,124,89,48,34,21,7,12,6,6,2,1,7,3
238120,1268,635,316,206,150,106,94,57,80,133,55,58,16,18,6,7,4,2,3,3,3,2,6
238130,7495,1578,477,228,114,75,52,35,70,51,26,37,18,17,7,3,3,2,,2,,5,1
238140,12601,2667,937,490,299,208,147,100,132,181,66,71,30,28,9,4,3,4,3,,,2,4
238150,2574,1131,469,240,134,108,60,42,63,72,25,28,15,6,1,2,1,1,1,1,,,2
238160,10931,2697,1190,656,411,261,199,166,222,243,113,74,25,18,7,2,5,2,1,,2,1,
238170,5682,893,296,127,71,42,24,31,18,24,10,11,4,2,1,1,3,,,1,,1,1
238190,3415,921,325,189,122,75,39,38,49,56,19,27,11,13,1,2,2,3,,1,1,2,3
238210,42829,12424,4717,2389,1404,951,691,488,699,921,397,363,182,165,79,36,45,34,21,14,10,17,34
238220,57253,17347,7041,3533,2093,1344,904,682,924,1075,463,428,169,141,64,35,33,33,22,10,7,10,32
238290,2943,1136,581,308,193,153,85,85,95,132,65,54,27,35,17,10,12,7,6,4,2,6,16
238310,10229,2756,1183,604,425,301,188,140,182,267,146,118,58,47,26,9,19,8,6,2,1,2,3
238320,23754,4275,1396,664,395,234,172,124,180,180,75,48,20,19,4,3,2,1,2,2,,1,1
238330,10780,1783,554,279,153,90,71,41,55,58,32,19,7,12,4,1,1,2,1,,,1,2
238340,6424,1244,478,251,138,96,47,43,48,52,21,17,9,5,2,,1,1,,,,,
238350,19678,3584,1136,524,286,145,140,54,101,105,49,37,16,9,6,6,6,3,5,1,,3,3
238390,3805,1160,488,244,180,101,84,62,70,85,43,40,15,16,7,3,7,4,1,,1,1,2
238910,21261,5519,2204,1225,708,481,359,286,373,454,181,181,70,69,19,15,20,5,8,8,4,6,18
238990,21266,4812,1786,880,511,316,239,167,202,226,97,76,33,24,21,4,10,8,3,2,2,3,15
311111,105,31,12,15,9,1,12,2,7,8,3,7,8,7,8,1,2,4,1,,1,2,7
311119,240,160,95,63,48,34,24,16,27,33,28,16,18,23,9,3,12,4,4,1,1,11,17
311211,54,21,13,13,8,2,6,7,6,8,5,6,1,9,6,1,3,,3,1,2,2,8
311212,8,6,7,3,1,1,2,1,4,4,2,1,5,3,,,2,1,,3,,1,2
311213,8,3,1,1,1,,,,1,1,1,2,2,1,,,,,,,,,2
311221,10,,3,2,2,1,1,,1,2,,2,2,,1,,1,,,1,1,,3
311224,19,20,5,3,4,2,2,1,1,2,3,3,1,3,,2,1,,1,2,1,4,5
311225,23,13,8,2,2,2,4,,2,5,4,1,1,4,2,1,2,1,,1,1,4,9
311230,22,6,7,,1,,,,,3,2,,,1,1,1,1,,,2,,2,6
311313,2,1,,1,,,1,,1,1,1,,,,,,2,1,1,2,1,,1
311314,11,5,,3,1,,,,,3,2,4,3,2,1,,3,2,,1,2,,1
311340,204,89,43,22,14,10,9,5,9,14,6,12,10,5,3,1,3,1,3,,,3,10
311351,88,33,10,8,4,1,5,1,2,7,3,1,,2,1,,3,1,2,,,2,4
311352,376,241,155,78,57,30,18,11,26,26,13,16,9,13,4,1,4,,3,,1,3,8
311411,22,18,10,10,4,5,4,4,9,7,8,5,1,10,6,6,6,3,4,2,2,6,3
311412,88,43,32,22,27,11,16,13,18,22,14,18,13,13,9,3,11,5,2,2,5,4,18
311421,269,89,53,34,24,9,11,16,16,30,18,15,18,15,8,9,8,6,8,2,2,6,12
311422,46,13,9,4,4,4,2,,3,1,1,5,,4,1,,3,1,5,,1,1,5
311423,46,14,12,11,7,7,9,1,11,14,12,4,3,4,4,1,5,3,2,5,,4,3
311511,64,33,17,7,7,7,9,5,14,20,3,16,7,13,5,5,6,4,7,3,3,8,16
311512,9,7,1,1,1,2,,,,,2,1,,,,,1,3,3,,,,1
311513,116,64,40,29,21,13,11,5,8,21,15,22,9,9,10,2,7,4,6,3,3,4,4
311514,31,9,12,9,4,1,4,4,6,5,6,9,4,3,2,2,2,4,4,3,2,6,7
311520,182,73,38,15,13,7,4,9,6,5,8,13,3,4,1,3,3,,,,2,6,12
311611,585,374,157,51,33,23,22,17,14,23,16,22,7,10,14,7,6,11,5,2,2,3,10
311612,401,198,124,65,55,31,26,26,37,61,44,43,17,32,15,7,12,4,7,4,6,8,18
311613,31,10,10,5,8,7,5,3,3,10,3,5,,1,2,1,1,3,1,,,3,4
311615,89,30,22,11,14,10,3,2,17,17,9,9,5,9,7,5,14,7,10,4,2,11,16
311710,205,70,32,23,25,22,8,16,31,21,24,22,9,12,6,3,5,4,4,2,1,1,3
311811,3097,1540,724,417,239,141,85,62,82,62,32,22,8,9,3,3,4,,3,2,,3,5
311812,956,429,238,147,107,93,56,41,70,92,42,60,26,45,21,7,18,6,11,8,5,13,28
311813,51,24,11,7,4,9,7,9,10,14,7,7,8,8,3,6,2,2,1,2,1,5,12
311821,137,66,32,13,14,8,6,3,15,11,6,8,5,5,6,1,4,1,,1,,6,8
311824,88,64,33,29,18,20,7,11,23,12,6,11,8,7,8,3,9,3,2,2,2,8,6
311830,120,66,34,17,22,12,12,10,13,21,13,8,5,7,2,1,2,2,2,,,1,3
311911,57,32,23,10,13,3,4,8,8,15,8,9,5,12,1,2,2,,5,1,,2,11
311919,97,56,35,14,11,6,8,5,11,15,7,7,8,4,4,1,3,2,5,1,2,4,8
311920,248,92,38,25,12,8,9,10,9,20,10,6,7,7,4,1,3,1,1,3,1,4,6
311930,61,22,10,12,6,3,4,4,3,5,5,5,3,3,1,2,3,2,1,1,1,2,3
311941,126,37,25,12,9,7,6,7,11,15,6,9,4,10,1,1,4,4,,,,7,7
311942,114,40,34,22,11,11,5,9,12,15,15,15,8,6,6,4,7,3,7,4,2,3,9
311991,223,106,66,40,24,22,8,12,20,36,23,23,11,14,8,6,14,6,3,1,2,8,13
311999,241,96,45,31,27,11,12,8,14,21,18,14,9,13,6,5,6,2,8,2,4,2,12
312111,79,36,23,11,11,10,5,3,6,11,6,14,9,7,6,2,3,6,7,4,4,2,11
312112,90,43,14,15,9,2,1,,3,6,2,4,3,5,4,,1,1,1,,1,1,4
312113,146,63,38,12,10,8,2,2,3,1,,,,,,,,1,1,1,,,2
312120,880,311,150,80,62,30,24,19,33,35,22,21,9,5,5,2,8,3,1,2,,,2
312130,1536,622,287,167,101,91,48,40,54,56,19,20,12,7,5,2,4,3,1,2,2,3,5
312140,290,67,36,15,11,6,2,3,4,4,3,4,4,3,4,,1,1,1,2,2,,
312230,62,12,1,1,5,4,1,3,2,8,4,6,3,3,1,,1,2,3,1,,1,2
313110,85,34,9,13,16,6,5,7,10,17,10,2,10,7,,2,9,2,6,4,,4,3
313210,121,34,18,12,8,12,5,5,6,9,9,10,5,4,5,3,6,3,1,4,,3,5
313220,75,28,20,10,10,6,4,2,8,8,4,7,4,8,1,2,,,1,,,1,1
313230,38,22,23,10,10,5,7,7,8,18,11,6,3,7,3,2,5,3,3,1,1,3,10
313240,50,25,22,10,4,8,7,3,8,9,9,8,4,4,2,3,2,,,1,,1,4
313310,380,147,55,45,23,20,16,11,14,23,18,11,7,11,6,3,7,2,4,3,,3,5
313320,47,27,12,10,2,10,1,6,7,15,6,7,3,5,2,3,1,1,1,2,1,2,3
314110,81,42,12,15,6,6,4,3,4,8,7,4,3,5,1,3,3,2,3,4,1,2,4
314120,842,297,105,60,37,28,16,17,17,24,16,16,13,8,5,4,6,5,1,,,3,2
314910,756,318,143,78,49,32,26,17,24,29,9,16,11,7,2,3,1,6,,,,1,4
314994,38,25,13,9,4,5,5,2,2,8,4,2,1,2,1,1,1,1,1,1,,1,2
314999,1531,475,185,103,49,41,29,19,30,40,22,20,11,13,7,4,5,,3,2,,11,5
315110,35,14,10,12,2,8,2,2,4,10,5,10,3,5,2,1,1,,1,1,,,1
315190,52,18,11,7,3,7,,1,1,3,2,4,3,3,,,,1,,,,,
315210,2228,675,342,180,154,69,42,46,55,50,25,28,13,16,2,3,2,2,1,2,1,,1
315220,251,66,24,28,16,12,6,5,12,13,8,12,5,9,3,1,1,,1,2,1,,4
315240,557,208,92,49,40,31,21,20,17,31,15,15,6,3,5,,1,2,1,,,,1
315280,222,81,33,25,15,13,6,7,8,11,6,9,5,1,4,,1,2,,,,2,
315990,396,82,31,15,7,4,8,8,15,15,1,10,4,4,2,2,2,,,,1,1,4
316110,98,40,11,8,8,1,4,1,2,3,3,5,1,1,,,2,,,1,,1,2
316210,117,32,11,8,10,4,5,7,4,10,2,3,2,4,1,2,3,,,2,1,2,3
316992,66,18,5,4,3,2,2,,1,,1,,1,1,,,,,,,,,1
316998,326,114,45,26,15,11,17,5,13,13,5,7,3,4,3,1,3,,,1,,,1
321113,867,466,288,170,110,82,57,34,78,97,54,44,32,15,13,12,13,4,9,4,2,6,10
321114,97,52,28,19,21,10,9,7,7,10,10,10,6,3,,3,8,1,2,1,,1,
321211,61,31,16,16,7,11,9,4,8,15,4,9,6,8,2,3,2,1,,2,,5,5
321212,13,8,4,3,3,,1,1,3,2,2,4,2,6,2,1,4,2,1,1,,2,3
321213,24,15,7,11,2,2,1,1,4,6,1,2,1,6,1,1,1,,,,1,,5
321214,115,101,81,46,34,25,21,16,28,47,20,27,12,16,7,,5,4,,1,,6,5
321219,25,22,12,7,4,2,5,3,3,5,2,10,3,6,2,2,4,3,5,1,3,5,8
321911,313,206,116,58,43,36,18,15,34,34,16,21,10,14,14,4,5,2,5,3,,9,9
321912,248,145,78,78,45,32,27,26,34,43,21,24,12,7,9,3,7,5,6,3,1,10,7
321918,710,251,132,87,54,31,31,15,19,28,26,20,12,8,5,4,6,1,5,3,,9,5
321920,740,444,280,180,136,100,56,54,80,84,39,49,17,9,11,1,3,1,2,,1,1,2
321991,47,20,11,4,5,4,6,3,9,15,18,7,8,3,3,1,3,2,1,,,3,1
321992,219,79,53,28,19,17,15,7,13,22,13,14,6,8,2,,3,3,,1,,4,2
321999,1052,331,158,89,62,34,35,22,35,38,28,18,15,19,6,5,7,1,3,2,,5,9
322110,8,,2,2,,4,,2,1,1,,,1,1,1,,,1,2,1,2,,6
322121,32,13,5,3,,3,2,2,6,7,4,6,2,5,5,7,5,3,6,1,4,2,11
322122,1,,1,,,1,,,,,,,3,2,,,1,1,,,1,,1
322130,6,3,2,4,,2,2,1,3,4,5,3,6,5,1,3,3,,6,1,1,7,11
322211,107,68,57,59,43,37,26,22,34,60,44,48,20,19,14,3,7,1,5,1,1,9,10
322212,30,26,14,21,14,11,15,13,13,34,18,29,15,23,9,3,3,1,4,1,1,10,8
322219,38,22,9,11,17,11,8,6,14,11,6,6,6,5,3,,,4,2,2,,5,10
322220,119,71,50,37,25,19,21,21,26,28,28,29,21,24,8,5,10,8,10,4,3,10,19
322230,82,53,32,31,17,10,12,18,13,22,13,21,7,8,7,2,1,5,1,,3,,7
322291,15,13,3,2,2,3,5,8,4,8,6,5,3,6,6,1,3,1,5,1,1,3,7
322299,89,51,38,21,17,16,14,8,18,19,5,17,8,5,3,6,6,1,5,1,3,4,10
323111,9430,3650,1477,801,505,357,279,216,353,382,194,227,89,83,53,25,25,21,17,9,8,23,55
323113,2565,988,397,208,129,87,76,60,68,71,40,29,13,20,18,2,9,5,3,2,2,2,5
323117,178,78,29,22,17,8,8,2,10,16,4,14,9,10,2,2,2,,3,1,,1,6
323120,784,253,130,72,47,44,21,28,26,40,19,15,10,8,5,3,2,3,1,,1,5,9
324110,3,4,2,5,3,,,,1,3,2,4,3,2,3,2,5,1,2,4,2,11,16
324121,127,66,37,22,16,11,12,4,13,22,14,23,21,17,6,6,8,4,7,4,5,9,10
324122,34,14,9,8,4,5,3,5,3,9,4,5,1,1,2,1,3,1,1,,2,4,5
324191,70,36,21,14,12,11,8,3,12,12,10,9,5,4,5,1,3,2,,3,,3,15
324199,37,12,6,4,1,1,2,1,1,1,2,2,1,3,3,1,2,1,2,1,1,2,5
325110,12,3,1,1,,,,,,1,2,1,,1,1,2,2,,2,2,1,2,6
325120,33,13,6,5,1,2,2,1,1,2,1,2,1,1,,,,,1,1,1,4,8
325130,39,13,9,7,6,4,3,1,3,4,,5,1,3,2,,5,3,1,1,,5,5
325180,72,43,26,15,15,9,9,6,18,17,15,16,9,16,7,6,13,8,5,6,8,18,22
325193,19,5,3,1,5,2,6,24,36,17,7,5,5,4,2,1,2,,3,,1,3,8
325194,12,7,2,1,5,3,2,,2,2,4,1,1,1,,1,3,1,1,2,2,3,6
325199,112,54,55,29,33,18,18,6,32,36,14,27,12,17,7,11,15,6,9,8,8,18,30
325211,147,90,69,57,63,20,38,28,40,51,46,27,21,30,15,13,21,12,14,12,7,22,30
325212,36,15,9,7,2,1,8,1,5,3,6,5,2,6,4,1,6,1,3,,1,5,9
325220,18,9,5,3,7,4,,1,4,6,6,5,3,7,2,,2,2,3,3,,6,9
325311,49,24,13,9,10,4,3,2,3,6,4,4,1,1,1,1,4,1,1,3,1,4,7
325312,7,4,4,3,,4,2,,,,3,4,,2,2,1,3,,,,1,2,4
325314,103,54,32,19,14,8,10,8,11,12,8,8,7,10,,2,2,,,1,,4,6
325320,63,16,18,6,7,4,1,1,4,6,7,6,1,5,4,2,1,3,1,2,1,6,8
325411,131,50,35,14,13,13,4,10,16,13,15,19,13,10,8,3,4,6,6,1,3,3,14
325412,305,133,66,43,42,20,18,22,24,40,35,38,12,28,17,7,20,10,10,8,4,19,36
325413,41,27,13,8,9,9,5,5,9,15,9,7,3,5,3,1,3,1,1,4,2,5,12
325414,58,34,15,12,12,7,5,4,6,7,6,8,4,4,4,2,2,4,1,1,2,9,24
325510,321,179,103,57,42,30,25,18,29,23,18,22,15,14,9,9,7,2,5,1,5,9,9
325520,91,71,36,20,18,10,11,5,14,22,14,14,4,8,8,7,6,4,6,3,5,9,19
325611,244,119,60,28,19,17,9,8,12,22,11,18,5,7,2,1,,1,7,2,1,4,11
325612,181,87,36,25,14,11,5,7,9,15,7,13,10,11,4,5,1,5,4,1,,7,5
325613,35,18,9,6,,3,1,5,4,2,1,3,1,4,1,2,1,,3,1,1,5,6
325620,319,142,57,46,30,24,12,10,33,38,26,31,8,20,5,3,8,5,7,5,5,7,14
325910,75,35,17,9,10,6,4,5,2,10,4,8,1,5,1,2,2,3,1,1,,3,8
325920,6,9,1,5,1,2,1,,1,1,1,3,2,3,,1,1,1,4,2,,2,5
325991,109,47,42,15,17,11,12,8,13,18,12,10,7,11,6,4,6,2,6,2,2,9,7
325992,146,35,18,13,3,1,6,4,4,8,7,7,1,1,1,1,1,2,2,1,1,3,5
325998,329,160,81,38,34,22,16,19,19,30,10,24,12,18,16,8,11,8,13,4,2,19,26
326111,38,36,24,14,16,5,8,8,11,22,17,13,6,16,6,6,2,3,1,3,3,5,8
326112,29,28,24,18,22,12,11,10,13,26,18,21,6,11,8,5,3,5,6,5,4,5,10
326113,101,58,30,24,20,17,11,13,18,31,14,26,13,14,13,9,8,6,7,6,4,8,12
326121,88,42,28,14,11,15,17,6,20,18,10,11,13,8,5,3,6,5,8,3,2,4,11
326122,56,33,23,24,16,9,7,7,12,23,13,19,5,8,9,1,5,2,5,4,4,7,5
326130,78,35,22,12,7,6,7,4,3,8,6,10,9,3,1,2,4,2,4,2,,4,7
326140,68,36,24,15,13,13,8,14,14,19,8,18,4,2,8,4,4,2,4,3,,5,8
326150,90,65,34,27,30,12,17,13,17,29,17,23,10,14,4,4,9,5,7,3,3,3,17
326160,32,17,8,11,4,10,3,4,15,18,5,10,10,5,6,1,4,2,2,1,1,3,7
326191,96,56,50,23,12,9,10,3,16,20,9,15,7,9,3,1,6,,2,1,,2,4
326199,1304,908,480,342,236,166,157,132,201,300,188,216,106,152,61,45,66,60,50,28,14,44,66
326211,29,10,4,2,3,1,2,2,1,1,5,2,1,8,1,1,1,2,,,3,2,5
326212,95,42,36,13,13,11,5,6,5,12,12,10,5,14,5,3,4,3,,2,,,4
326220,46,26,12,11,5,1,3,5,5,12,7,4,6,9,4,5,3,1,7,,2,5,5
326291,65,56,35,20,18,20,14,8,12,28,13,21,10,13,12,6,5,3,2,4,2,7,7
326299,142,81,43,30,22,20,13,16,24,31,17,20,16,20,11,7,12,4,4,3,2,7,20
327110,348,79,28,24,13,18,6,6,13,11,7,8,4,4,,,3,1,2,1,3,1,5
327120,108,49,32,19,18,14,11,12,18,22,19,15,8,10,6,3,4,2,7,2,3,4,9
327211,32,5,5,1,3,1,2,1,2,2,3,3,,,,1,,,,,1,4,5
327212,216,58,28,14,8,4,3,6,8,6,1,4,2,2,3,,1,4,3,1,2,3,10
327213,16,5,3,1,2,1,,,1,2,1,1,1,2,,1,1,,1,,1,2,3
327215,462,172,69,49,21,20,15,20,31,28,20,21,12,17,3,4,4,5,5,6,1,12,15
327310,26,16,8,4,2,,3,,4,3,1,4,,8,,2,3,4,4,2,5,1,4
327320,476,339,242,179,104,104,67,48,79,108,59,59,27,33,11,12,14,10,6,4,8,5,7
327331,121,90,52,33,31,21,10,14,7,23,13,11,12,12,6,5,5,1,1,3,5,3,6
327332,23,24,17,11,8,7,2,4,13,13,7,7,5,3,,2,2,1,1,1,,1,5
327390,510,311,170,106,91,52,32,33,51,59,37,36,26,16,11,4,13,4,3,3,5,6,9
327410,8,3,2,2,1,1,2,,,1,,1,2,,1,2,1,2,,3,2,,2
327420,48,31,12,9,5,2,1,1,5,4,1,2,1,,,,1,1,,1,3,1,4
327910,50,48,33,25,15,7,12,5,11,19,7,5,3,4,2,,2,,1,1,1,1,5
327991,696,400,203,121,72,55,36,40,34,43,17,27,4,7,2,,4,3,4,,,5,2
327992,35,14,7,3,9,5,3,1,3,10,4,9,5,6,1,5,2,3,5,1,4,5,8
327993,50,27,19,8,14,8,7,8,4,6,3,5,1,2,2,3,1,4,2,,2,2,7
327999,97,51,30,19,9,8,12,4,4,14,2,6,6,5,2,2,5,5,,,6,2,9
331110,133,35,22,22,8,11,4,5,14,17,14,23,10,13,12,3,9,6,13,9,11,9,19
331210,38,13,11,5,2,5,7,4,6,11,11,14,9,7,7,5,5,7,4,4,3,8,8
331221,35,19,9,9,4,2,3,4,3,11,8,8,3,2,8,3,5,3,,3,1,2,7
331222,57,19,14,4,8,6,10,3,3,13,10,7,7,10,7,1,5,2,3,2,1,5,8
331313,20,13,1,2,,1,2,,1,4,3,2,,2,1,2,,1,,4,1,1,6
331314,15,4,7,2,,3,4,3,6,4,8,8,3,5,2,1,1,,,3,2,4,5
331315,25,12,8,4,2,1,1,,1,4,,1,5,2,2,,3,,2,2,1,3,4
331318,37,14,15,6,8,5,4,7,6,10,10,15,7,9,6,2,11,4,2,1,5,3,6
331410,58,22,8,6,10,3,2,3,2,6,4,3,4,2,1,,4,3,2,3,1,5,6
331420,32,16,14,5,6,5,8,5,7,11,8,14,7,9,4,3,6,2,3,2,2,6,8
331491,74,43,27,15,9,9,10,2,8,13,3,7,7,7,2,5,3,3,,2,4,5,14
331492,58,40,11,9,5,10,9,2,7,13,8,3,3,5,2,5,7,5,1,1,2,5,6
331511,69,35,27,17,14,14,4,9,21,26,11,22,10,15,8,3,3,3,6,5,2,9,11
331512,6,5,9,8,5,4,4,2,5,11,11,6,4,2,3,,3,2,2,3,,1,3
331513,38,20,15,9,4,7,5,3,9,15,9,15,4,6,6,2,4,3,3,1,2,2,6
331523,69,64,34,19,13,18,15,11,14,21,19,23,8,11,8,5,11,3,3,3,1,6,12
331524,67,59,32,11,15,11,12,11,13,15,19,12,9,11,7,,2,,2,1,,4,5
331529,71,48,31,27,17,15,10,10,7,12,9,10,1,4,,1,2,2,1,2,,4,3
332111,112,33,25,13,9,6,9,4,6,15,15,15,4,10,4,3,7,4,4,3,7,5,12
332112,9,6,2,2,2,2,,2,3,4,3,1,,1,,2,1,2,2,1,1,2,5
332114,52,62,61,32,25,20,12,13,19,27,11,16,10,16,10,1,8,1,5,7,3,6,6
332117,7,10,13,13,5,6,7,2,5,6,5,7,2,5,2,2,5,1,1,1,,2,7
332119,265,244,145,100,63,61,41,36,71,111,43,64,27,26,7,5,9,6,3,4,5,5,16
332215,95,27,14,10,4,5,2,3,4,2,2,3,1,6,2,,,4,2,,,1,4
332216,369,173,73,42,43,33,15,17,26,32,28,17,10,9,6,5,2,5,2,2,2,5,11
332311,216,102,53,34,19,10,11,11,18,30,19,17,6,9,7,4,9,2,1,,1,4,2
332312,833,471,316,211,150,105,90,71,105,121,60,69,14,29,13,5,8,10,10,10,5,10,23
332313,297,196,167,85,75,61,37,41,40,70,38,39,14,17,14,5,4,4,4,3,4,3,5
332321,283,164,84,49,32,37,22,21,25,47,31,31,13,16,16,5,10,6,4,5,1,8,14
332322,1100,699,420,285,189,161,105,90,138,164,103,87,35,38,28,13,16,6,8,11,7,12,19
332323,1031,464,197,110,74,51,38,34,37,49,27,26,4,7,6,2,4,3,5,3,2,4,4
332410,28,38,16,18,6,12,9,8,9,17,15,18,10,8,8,4,5,4,3,,4,5,9
332420,112,75,62,47,26,40,26,19,41,39,28,28,20,21,11,9,6,4,9,2,3,9,9
332431,23,7,1,4,3,2,1,2,2,1,1,1,2,1,3,2,1,,,1,,4,6
332439,102,38,18,18,16,7,7,9,14,11,7,10,6,7,2,,1,3,,,2,3,9
332510,185,116,44,34,16,10,16,11,13,26,11,17,5,8,6,5,6,8,3,2,2,6,6
332613,73,61,41,27,14,15,4,5,19,19,15,13,4,5,2,2,2,1,4,1,1,3,5
332618,227,148,92,45,34,17,24,16,21,31,22,24,12,14,11,3,4,2,5,3,4,2,10
332710,8527,3972,1866,1065,693,462,314,241,357,433,205,166,88,70,29,18,18,13,20,13,9,22,33
332721,552,773,480,323,228,190,102,100,163,196,90,95,49,32,16,12,11,8,9,4,6,15,18
332722,148,122,80,35,32,19,23,17,29,36,28,22,14,21,8,6,7,2,6,3,1,4,9
332811,121,117,84,61,46,29,25,21,37,33,8,18,10,13,7,2,3,3,2,4,4,1,8
332812,828,512,264,134,99,60,39,45,77,82,44,44,21,22,12,4,7,6,8,3,5,10,17
332813,658,462,258,171,116,96,69,52,83,84,58,56,31,14,8,2,7,6,7,4,3,6,10
332911,84,51,44,22,21,15,16,6,18,24,13,17,10,13,1,5,7,3,4,8,3,10,16
332912,65,45,25,17,9,7,4,10,13,18,10,7,11,13,7,3,6,4,4,3,2,5,13
332913,45,15,5,2,1,3,3,6,4,5,3,4,1,6,3,2,,2,,1,,3,3
332919,49,23,18,16,4,5,11,11,16,14,4,8,7,9,5,1,2,,6,6,1,6,9
332991,23,13,8,3,5,8,2,1,6,6,5,3,3,3,3,3,1,,2,4,5,6,6
332992,65,19,11,8,6,4,2,4,2,2,3,,2,1,,,,1,1,,,3,2
332993,22,4,3,2,2,,2,,2,1,2,,,1,1,,,,1,1,,2,6
332994,210,54,26,22,10,11,5,3,15,23,13,10,3,4,3,2,2,2,,3,,2,5
332996,177,122,70,48,28,22,19,13,21,40,30,24,15,8,6,5,9,5,5,3,4,7,14
332999,1524,668,358,231,165,121,81,53,71,105,61,80,37,17,18,13,18,9,5,4,8,10,24
333111,335,180,98,64,53,50,29,19,38,47,29,28,15,23,6,9,8,9,6,3,2,3,12
333112,62,21,12,8,5,1,6,3,4,2,5,4,3,,,2,2,,4,,1,,6
333120,165,74,79,37,26,30,25,19,27,41,27,29,7,19,9,6,11,3,3,5,3,10,13
333131,51,25,21,24,12,17,6,2,11,6,8,8,9,7,4,3,1,1,1,2,2,7,5
333132,144,88,58,27,25,27,13,14,34,25,27,19,14,18,10,,7,2,5,6,3,15,18
333241,134,52,45,29,20,19,12,13,25,24,19,12,4,8,3,2,2,2,3,2,1,1,5
333242,35,28,13,11,7,8,7,3,5,9,4,4,3,4,2,,3,3,3,3,3,6,3
333243,123,72,27,23,20,17,7,6,18,25,11,10,2,2,5,4,1,2,1,,1,3,4
333244,98,62,38,28,12,11,7,7,7,15,2,5,5,4,,5,2,,1,1,1,,3
333249,657,314,180,118,98,53,46,30,46,67,35,45,22,19,15,15,12,10,6,4,4,15,22
333314,128,57,39,23,21,14,12,8,11,16,9,8,4,9,4,1,2,3,5,4,2,3,12
333316,99,35,20,11,3,2,2,3,8,7,3,5,,1,1,1,3,,,,,2,6
333318,452,209,120,72,51,33,33,25,39,68,31,37,26,14,7,12,14,8,8,10,3,9,18
333413,89,73,32,29,14,18,12,13,26,23,12,13,5,9,,8,10,3,2,1,1,10,7
333414,155,62,35,18,17,7,7,12,15,26,14,13,6,9,5,3,4,,2,1,3,4,6
333415,176,111,67,38,24,25,20,15,26,39,29,25,15,23,13,3,10,5,7,6,2,13,19
333511,494,302,155,121,83,41,51,37,43,72,33,35,18,16,7,10,6,7,5,4,3,2,6
333514,838,518,287,148,111,76,49,42,57,75,26,28,13,19,5,5,9,5,6,3,1,8,8
333515,446,237,117,77,57,48,33,26,33,28,21,19,9,16,6,5,2,1,5,4,1,4,6
333517,356,166,95,57,45,42,20,24,35,45,16,17,12,16,10,4,5,4,9,5,2,4,5
333519,87,60,35,29,16,18,9,10,11,21,8,14,2,7,1,2,1,2,1,4,2,4,2
333611,49,24,10,11,10,12,8,4,6,13,2,11,2,4,2,3,3,2,3,3,,8,14
333612,32,31,24,13,6,7,3,6,8,19,7,7,6,5,,1,3,3,4,3,1,3,9
333613,32,29,28,11,8,11,5,5,11,16,5,10,1,4,3,,4,2,,4,1,9,11
333618,72,45,17,15,15,7,5,5,7,11,3,6,7,4,8,2,5,4,3,3,,5,16
333911,98,63,47,36,21,9,16,12,10,24,13,14,8,7,2,2,9,5,7,,3,9,18
333912,81,27,20,13,14,9,5,8,9,13,8,10,2,7,2,1,2,1,10,2,3,7,9
333913,9,1,3,2,1,,3,1,2,,,3,1,,,,,1,,,2,,6
333921,49,27,14,10,12,6,1,3,8,6,3,8,1,3,2,2,1,,,,,1,6
333922,147,97,65,54,57,35,32,21,32,62,32,28,15,17,8,5,8,,4,4,3,6,8
333923,58,47,31,18,16,8,6,6,9,14,8,11,7,10,2,1,3,,2,1,3,2,5
333924,87,54,26,19,7,9,8,10,9,16,19,11,8,8,8,2,2,6,1,1,1,5,9
333991,38,31,14,6,7,5,6,2,2,4,1,3,1,,,1,1,,1,1,2,1,9
333992,137,59,35,15,13,7,7,8,15,16,6,7,5,2,1,1,,2,2,2,,3,5
333993,140,81,55,40,26,24,19,6,22,31,14,17,6,7,3,2,5,2,2,1,1,6,12
333994,67,54,39,30,20,11,9,18,15,17,11,12,4,5,2,2,1,,1,3,1,1,3
333995,51,37,21,12,15,11,7,3,11,16,11,16,8,5,3,4,4,4,6,3,2,3,16
333996,36,20,14,8,2,,2,2,4,8,8,4,1,4,2,,,,1,1,,3,7
333997,20,12,11,2,4,3,2,1,2,1,1,3,1,2,1,,2,,,,,1,1
333999,457,245,136,109,67,39,42,39,51,75,43,36,19,20,9,11,7,5,12,6,1,16,34
334111,188,55,31,20,11,8,9,7,3,8,13,5,4,9,2,,1,2,2,,,3,11
334112,40,11,2,8,1,1,1,1,5,4,3,3,2,2,,2,2,2,2,1,1,2,3
334118,234,97,40,31,28,17,16,9,8,24,8,17,8,7,1,3,5,5,2,2,2,6,18
334210,71,31,24,13,11,3,4,8,13,11,4,8,10,7,2,2,6,3,3,3,2,3,7
334220,205,115,63,44,30,22,17,9,32,33,12,17,9,11,7,5,5,6,7,7,3,13,22
334290,142,60,19,10,17,3,6,7,9,19,6,8,7,2,4,1,4,1,1,3,1,2,14
334310,237,81,39,29,9,7,7,5,13,14,7,5,7,8,1,1,2,1,,,1,2,
334412,147,82,41,25,23,21,16,11,29,23,25,26,7,6,3,1,5,5,1,1,1,7,6
334413,265,119,69,54,35,12,17,9,26,26,15,22,9,9,11,6,13,12,13,11,1,9,21
334416,61,56,26,29,17,20,16,7,25,25,20,21,10,6,2,2,4,2,3,2,3,1,3
334417,42,23,18,7,11,9,6,3,4,9,3,10,7,3,3,3,,4,2,,2,6,9
334418,154,97,67,57,49,40,29,33,43,62,38,47,23,16,8,8,13,5,6,2,3,13,10
334419,306,157,92,54,41,39,37,29,38,44,34,40,25,19,14,5,12,6,10,3,5,6,21
334510,188,89,43,49,24,17,10,15,23,39,13,32,16,15,3,7,6,7,7,5,4,12,29
334511,140,55,39,20,30,11,15,11,13,23,12,9,8,4,3,2,1,3,3,6,1,10,28
334512,102,46,18,17,10,6,11,4,6,9,5,5,2,5,,2,,1,2,3,3,3,12
334513,306,120,59,38,35,24,18,11,20,31,15,21,7,7,11,4,9,4,7,7,1,7,20
334514,56,30,14,12,3,5,6,3,6,10,5,3,1,4,4,5,2,1,3,2,3,3,6
334515,259,125,87,39,28,31,20,11,22,36,23,21,9,11,7,5,7,2,9,6,2,7,21
334516,181,102,54,32,29,11,11,12,25,34,17,19,10,8,8,2,8,7,3,8,2,10,16
334517,47,23,8,10,5,4,7,2,5,6,2,11,,,3,1,3,2,2,,,5,6
334519,307,140,77,41,35,30,23,23,19,36,17,27,10,7,9,4,7,4,12,1,4,12,23
334613,40,17,6,3,2,,2,,,3,1,,,,1,,,,,,,,1
334614,269,51,31,13,13,9,9,9,7,10,8,3,2,2,,3,1,,,1,,3,3
335110,21,10,4,4,2,,2,1,2,5,3,3,3,,,,1,,,,,1,2
335121,144,64,29,18,9,10,9,4,8,6,1,4,1,3,,,1,,,,1,1,3
335122,113,67,33,23,23,15,11,10,15,22,15,12,9,7,2,2,1,4,,1,2,1,8
335129,96,44,20,17,12,10,10,2,4,13,8,8,4,4,4,1,2,4,1,1,,4,10
335210,57,13,9,9,5,5,2,3,,3,2,4,1,2,3,1,,4,1,1,,2,3
335221,29,15,5,3,3,3,,2,2,3,4,1,2,2,,1,,1,1,2,,2,3
335222,6,2,,1,1,,,1,,1,,3,1,,,1,,,1,1,,1,3
335224,1,,,,,,1,,,,,,,,,,,,,,,,2
335228,4,1,1,2,,,,,,,,1,1,,,,1,,2,,,3,5
335311,64,36,14,8,14,5,4,4,7,15,12,10,3,4,2,4,5,4,1,,1,5,6
335312,123,51,44,27,16,15,11,8,13,15,12,9,5,6,4,2,7,6,7,2,1,3,18
335313,128,87,45,29,16,13,12,9,10,26,8,8,11,10,8,8,5,1,1,3,2,2,11
335314,286,139,68,52,38,24,18,21,24,46,14,19,16,8,3,1,6,3,3,5,3,8,28
335911,36,8,7,4,1,3,3,1,7,6,4,3,3,4,,3,2,2,1,,2,4,3
335912,21,7,2,2,1,4,,,2,,3,1,1,1,,,1,1,1,,1,2,1
335921,23,13,6,3,3,3,4,2,6,10,1,4,1,1,1,1,1,2,1,3,,1,3
335929,32,21,24,13,15,12,8,3,3,23,8,13,7,7,2,1,3,,4,3,2,6,13
335931,82,53,35,21,12,18,9,8,15,24,20,19,10,10,7,,9,4,2,4,1,6,11
335932,32,22,13,6,2,2,1,2,7,5,2,6,3,6,3,2,1,1,2,3,2,2,7
335991,32,18,9,6,8,2,6,3,5,7,2,2,2,6,1,1,,1,3,1,1,2,3
335999,307,124,72,43,28,21,13,15,27,37,15,18,13,13,5,6,7,5,6,6,1,8,18
336111,70,29,15,5,5,3,1,2,2,2,4,4,,1,1,,,,3,2,,3,11
336112,22,4,8,4,1,,2,1,4,1,,1,,,,1,1,,1,1,,1,9
336120,12,7,4,6,1,2,1,3,2,2,1,1,2,3,1,,2,4,,3,,1,6
336211,174,90,69,50,31,27,23,22,25,36,25,18,10,14,5,6,7,4,8,5,2,5,13
336212,74,50,43,24,19,21,12,9,21,21,19,12,6,5,8,5,2,2,2,2,1,3,6
336213,11,7,2,4,3,1,,1,1,2,2,4,1,,,,1,,1,,,1,4
336214,181,88,54,33,28,22,11,10,20,32,14,23,11,11,8,5,3,,3,2,,3,6
336310,387,145,44,30,16,16,10,9,14,17,8,15,8,11,6,3,10,6,6,3,6,9,19
336320,212,99,54,31,25,19,6,8,19,27,13,20,16,13,5,5,4,6,12,4,4,7,17
336330,62,27,16,13,9,6,5,6,5,8,3,3,6,9,1,3,2,2,8,1,4,5,8
336340,38,19,9,3,5,6,3,2,4,6,6,7,1,8,6,3,,2,4,1,3,6,9
336350,121,64,32,12,16,11,9,6,10,20,5,17,6,12,4,1,10,5,10,5,4,10,19
336360,56,50,24,18,10,5,8,2,10,21,13,10,7,9,4,7,6,7,8,3,3,9,7
336370,82,60,41,31,30,17,25,17,26,59,35,54,26,28,25,11,15,16,10,8,3,6,13
336390,373,174,110,53,33,30,29,28,36,49,23,43,28,32,13,17,34,20,20,11,15,23,30
336411,93,30,19,10,9,3,10,5,6,5,6,6,10,9,2,3,2,2,2,2,3,4,12
336412,91,35,19,22,15,10,11,8,15,21,14,14,13,7,3,3,3,2,7,2,2,8,17
336413,209,98,78,53,27,27,18,17,27,35,28,33,13,12,3,3,9,3,7,3,1,12,32
336414,3,1,1,,,,1,,2,1,1,,1,,,,,,,1,,2,6
336415,2,,,,1,,,,,1,,,2,,,,,,1,,,3,6
336419,12,8,3,2,2,2,,,1,3,2,2,,1,,,1,,2,1,,1,6
336510,31,19,16,15,7,4,3,3,3,7,6,7,5,5,2,5,1,,5,1,6,4,10
336611,208,95,55,22,21,17,8,5,18,26,19,24,19,9,12,5,10,2,6,,3,2,9
336612,365,120,66,53,27,20,8,11,19,27,28,15,16,9,6,6,6,3,1,1,,1,4
336991,237,70,38,21,14,13,5,5,6,12,5,6,2,1,1,1,1,1,2,,,1,2
336992,15,5,5,2,1,2,,3,3,2,5,3,,3,,,1,,,1,,,6
336999,204,74,31,15,7,7,8,3,7,8,4,7,2,3,3,,,,3,2,3,2,4
337110,3703,1323,503,268,167,96,73,50,64,72,25,39,20,15,16,5,9,4,5,2,1,3,5
337121,440,201,97,50,41,14,17,6,23,29,21,25,14,14,8,1,10,7,6,1,1,4,8
337122,1350,415,151,81,31,36,23,14,22,29,19,14,12,5,1,5,8,2,4,,1,3,4
337124,127,43,25,17,14,3,5,5,7,8,11,4,1,5,3,3,,,,1,,2,4
337125,113,40,9,8,7,4,2,3,1,,,3,1,2,1,1,,,1,,,,1
337127,167,106,58,53,38,31,21,15,26,33,24,30,14,13,7,3,7,3,3,,2,2,3
337211,151,62,30,14,11,10,4,7,8,11,9,11,6,5,2,1,,1,1,1,1,3,3
337212,541,399,242,163,108,91,61,34,70,82,36,42,13,6,5,3,2,1,1,,1,2,4
337214,58,42,17,16,9,5,4,4,7,11,9,10,3,2,5,2,1,1,1,1,,4,7
337215,346,174,73,69,47,35,27,25,31,38,35,29,15,15,9,5,10,4,4,,1,2,8
337910,99,53,35,27,13,15,6,13,14,24,22,11,2,8,1,2,1,,,2,1,6,3
337920,164,51,26,22,10,8,7,5,4,10,6,2,1,3,5,1,2,,1,1,,1,1
339112,408,179,96,62,37,32,22,19,28,59,38,42,21,18,12,14,11,11,10,10,8,19,31
339113,675,356,170,96,69,49,45,35,41,56,44,56,30,32,9,11,15,9,5,4,5,12,33
339114,341,143,37,30,16,9,13,5,13,10,6,11,3,7,3,4,2,2,2,1,1,2,2
339115,167,74,32,22,10,9,7,7,5,13,5,6,4,8,3,1,3,3,1,1,1,2,11
339116,4368,945,314,135,94,55,28,19,36,35,22,18,3,3,3,1,1,3,1,1,2,4,4
339910,1372,337,135,53,42,34,16,19,31,27,15,15,5,3,3,2,2,2,3,1,,3,3
339920,830,292,144,79,41,34,24,18,31,41,22,28,10,10,11,3,7,5,4,4,1,2,3
339930,339,83,32,30,12,10,5,5,7,9,7,3,2,3,1,,4,,1,,,2,1
339940,223,96,42,25,16,8,9,2,12,19,2,7,2,5,3,4,3,,1,1,1,,4
339950,2975,1013,427,206,168,98,80,62,85,98,60,47,18,19,11,9,8,3,5,1,3,5,4
339991,132,87,56,43,27,19,9,12,18,19,17,13,9,5,9,1,5,,10,2,2,6,15
339992,339,95,48,19,12,10,13,4,8,9,6,6,2,4,2,2,1,1,2,1,,,
339993,47,24,12,6,5,5,1,1,4,1,5,1,2,2,,,3,1,1,1,,1,1
339994,48,31,21,15,9,7,3,3,6,10,3,5,1,2,1,4,3,,,,1,1,6
339995,37,21,6,7,4,2,,1,2,2,3,2,1,1,,,,1,,,,3,
339999,1737,639,336,198,99,80,55,34,33,41,36,31,15,13,8,3,8,1,3,,2,5,9
423110,2977,668,322,200,122,92,88,63,114,157,92,112,42,53,24,16,25,14,16,9,6,21,30
423120,4333,1627,796,436,276,167,136,115,152,203,139,148,65,82,55,28,54,29,37,26,15,44,49
423130,547,180,107,69,46,31,19,23,30,50,37,33,18,21,17,7,9,5,5,3,2,2,8
423140,847,394,166,84,44,25,18,9,18,11,9,8,4,6,2,,2,1,1,2,2,1,3
423210,2720,830,421,221,145,111,74,46,82,111,58,55,38,22,9,2,12,3,9,2,3,13,14
423220,2839,989,511,283,150,106,109,81,86,137,59,78,45,41,18,10,12,9,5,2,1,5,13
423310,2215,851,452,233,174,118,96,75,122,156,81,102,42,63,34,8,26,17,12,10,4,21,22
423320,1103,410,199,115,78,36,26,24,38,55,27,23,16,28,10,6,17,8,9,4,8,10,17
423330,396,158,93,50,20,15,23,15,21,35,11,25,9,15,11,8,7,3,6,1,4,5,16
423390,1041,442,211,103,82,56,35,34,46,62,39,33,29,20,14,7,9,4,6,3,2,9,20
423410,371,145,68,47,24,11,13,4,6,16,13,6,7,5,2,1,3,2,,1,,3,5
423420,918,486,255,159,111,84,57,39,50,79,42,43,18,21,3,4,8,3,7,1,1,5,11
423430,3443,1070,550,274,220,152,106,86,127,161,83,96,51,38,19,16,25,12,16,7,12,18,40
423440,1733,752,322,195,107,70,60,37,63,73,38,29,17,20,22,7,9,4,5,4,1,6,17
423450,4569,1117,450,263,150,91,87,49,81,98,61,78,32,30,17,27,25,19,12,11,9,25,54
423460,522,126,73,47,22,11,5,10,11,27,13,13,5,7,3,,4,4,3,2,1,2,7
423490,917,355,161,96,60,28,24,19,25,25,11,7,9,10,7,4,10,3,6,1,5,7,17
423510,3130,1371,701,394,255,197,126,96,156,199,119,120,52,55,41,17,33,21,22,15,11,33,42
423520,216,60,15,11,6,,5,8,3,5,2,2,4,4,1,1,2,,3,1,1,2,12
423610,4360,1624,751,394,245,167,130,107,164,193,86,117,52,79,36,17,33,21,21,13,9,26,35
423620,1050,361,180,110,74,32,33,30,38,49,29,29,12,20,9,10,3,5,6,2,3,9,14
423690,4785,1621,667,405,256,183,129,110,158,192,111,99,55,66,31,28,43,31,24,20,12,42,58
423710,2523,948,463,252,179,105,75,55,111,111,58,55,33,33,12,7,9,6,5,5,7,17,23
423720,1180,634,261,172,89,69,51,42,55,90,43,60,35,31,17,9,18,7,4,6,1,17,11
423730,759,431,197,116,70,63,44,29,56,71,41,48,25,24,15,11,10,3,4,4,1,10,13
423740,301,140,68,35,15,18,11,6,17,23,11,18,8,5,7,4,1,1,3,1,,3,3
423810,1238,500,246,160,77,73,49,43,65,76,35,59,26,34,18,17,30,12,20,14,6,14,14
423820,1852,1050,628,404,267,157,130,74,118,148,76,99,45,51,19,15,13,11,11,6,4,9,12
423830,11170,4500,2029,1067,658,498,340,276,369,466,225,269,151,151,80,60,89,37,53,28,27,71,78
423840,2546,959,433,280,175,139,82,64,108,157,79,76,48,38,22,15,25,7,24,9,6,26,29
423850,1492,667,298,171,99,63,53,34,55,63,25,35,14,19,6,9,7,3,2,4,,9,11
423860,1092,391,183,108,59,42,30,29,36,48,26,26,12,14,8,4,11,10,3,3,5,14,25
423910,3115,809,329,194,129,90,64,47,72,81,41,36,18,27,13,10,18,10,5,4,1,10,13
423920,1193,362,140,80,46,25,25,13,24,32,19,24,7,8,11,2,10,,2,5,1,1,3
423930,3534,1478,689,450,242,182,131,103,136,158,86,61,34,33,21,10,15,11,6,4,6,9,22
423940,5419,1144,345,175,86,48,34,29,37,45,25,20,10,12,9,4,3,2,4,1,3,1,6
423990,6080,1425,539,291,175,109,90,58,81,106,64,69,26,26,13,16,11,5,10,7,5,13,23
424110,347,94,34,17,19,10,4,2,10,6,3,9,3,7,5,1,2,2,3,2,3,2,5
424120,2086,658,279,142,106,65,51,40,44,63,33,42,21,16,8,4,5,2,3,2,2,5,15
424130,1776,646,357,177,134,77,50,53,84,98,48,43,22,31,18,10,13,5,14,3,5,14,22
424210,3771,1033,484,234,157,139,97,69,99,143,78,104,43,48,29,16,34,17,15,13,16,32,68
424310,1678,448,197,96,58,42,34,20,25,34,21,21,6,11,8,2,8,2,5,4,1,2,8
424320,1885,553,259,135,88,62,38,29,49,67,31,42,21,24,17,3,12,2,5,6,4,7,18
424330,4668,1169,495,289,162,101,83,66,110,112,71,70,34,36,26,6,10,8,7,4,3,8,19
424340,860,255,113,69,37,24,15,14,26,28,6,14,9,9,3,6,3,2,3,,5,3,9
424410,1220,386,161,81,64,47,42,26,35,60,25,19,16,16,18,6,8,11,9,6,1,8,22
424420,1294,471,209,130,103,63,61,29,48,85,43,42,23,28,18,7,16,10,5,6,2,13,29
424430,744,255,139,72,50,41,23,17,36,51,29,28,10,17,7,7,5,8,4,3,3,10,14
424440,176,66,30,25,17,13,7,10,16,21,6,6,6,6,3,1,2,,,,,1,8
424450,1312,263,127,70,44,35,24,12,22,35,10,21,13,7,7,2,3,2,3,3,3,4,10
424460,1191,320,139,83,49,41,26,25,36,32,18,14,7,5,4,1,,4,2,2,,1,3
424470,909,377,223,130,87,55,38,32,41,61,24,18,14,19,9,3,14,4,4,2,1,5,17
424480,2034,783,396,231,141,130,92,63,116,142,78,91,42,40,17,13,17,9,5,2,,8,9
424490,5836,1466,680,364,227,180,118,91,168,204,97,111,63,72,48,16,27,15,26,21,8,30,48
424510,730,461,274,142,78,55,51,49,51,64,48,48,29,38,19,10,15,2,2,5,3,6,13
424520,376,91,39,35,34,14,12,3,13,2,2,1,2,,1,2,,,1,,,,2
424590,379,100,45,17,9,7,7,6,10,6,8,6,4,5,1,2,4,3,,,1,,3
424610,1183,438,204,113,63,35,36,22,41,44,23,38,11,23,14,12,9,9,9,3,6,11,19
424690,3240,1115,489,260,170,121,70,71,90,140,61,72,29,47,29,20,18,10,19,9,11,42,50
424710,588,523,291,193,120,117,85,61,91,133,96,102,56,68,36,18,30,15,15,7,6,18,30
424720,859,274,118,74,39,41,22,26,39,41,40,45,30,26,16,11,15,10,9,5,4,12,28
424810,442,139,84,59,60,55,58,38,77,119,77,104,61,70,32,14,11,7,8,1,1,4,4
424820,1118,353,139,84,51,27,33,18,36,30,27,31,15,22,15,5,16,7,7,1,6,6,6
424910,2288,844,423,200,152,122,85,52,85,92,74,85,35,66,28,18,17,3,4,7,2,15,17
424920,942,231,94,60,27,21,11,15,14,39,22,25,12,9,7,1,8,1,7,2,4,9,17
424930,1566,568,275,143,95,61,46,33,52,66,29,34,18,15,7,6,5,1,2,3,1,4,2
424940,631,204,97,66,36,28,21,15,25,27,22,20,16,13,4,4,7,3,2,1,2,2,4
424950,439,201,98,62,44,24,17,10,21,19,9,17,6,13,4,3,7,,,2,,5,7
424990,7528,1707,611,306,171,97,107,44,81,87,65,66,21,41,16,9,16,8,14,6,4,14,29
425110,314,40,17,9,4,2,,1,2,2,1,2,,,,,2,,1,2,,2,2
425120,34138,4330,1518,668,419,278,176,139,174,194,93,86,46,50,26,12,27,12,17,8,5,17,32
441110,2931,1187,903,892,948,951,929,846,1504,2449,1494,1393,521,368,106,57,68,43,22,13,3,7,14
441120,16650,3781,1190,494,290,161,93,82,124,143,54,70,46,40,20,7,12,6,6,5,,2,7
441210,828,532,267,143,95,64,49,34,51,46,24,21,11,11,,,4,,2,1,,2,
441222,2128,854,348,176,87,54,21,22,29,28,7,8,9,1,1,,3,3,1,2,,1,2
441228,3060,1353,619,368,251,158,125,94,134,120,26,21,15,10,5,3,5,4,2,1,1,,2
441310,9435,4469,1499,588,295,216,107,82,95,143,61,61,36,39,17,11,12,5,12,6,,8,15
441320,5686,3100,1259,465,238,122,80,54,73,93,46,52,32,22,15,6,6,5,6,3,,1,10
442110,7406,3466,1398,594,310,207,152,98,118,152,80,62,39,35,19,11,21,9,10,5,1,13,20
442210,5521,2264,738,291,135,99,56,48,64,69,19,26,9,10,5,,4,3,,1,,,4
442291,1248,241,64,17,9,7,5,1,,5,1,1,1,2,,1,2,1,,,,1,
442299,5589,1655,473,176,65,45,34,19,30,25,22,20,9,13,5,2,5,3,10,,1,10,16
443141,3211,1597,525,229,108,54,42,39,39,55,20,25,10,14,4,3,3,1,5,,1,5,7
443142,13440,3385,993,478,279,174,102,100,102,130,71,62,37,30,18,10,18,9,8,5,2,17,16
444110,710,469,233,188,115,69,53,37,44,66,35,18,18,15,4,4,6,2,1,3,1,1,5
444120,985,371,101,37,33,15,11,7,12,14,10,6,4,4,2,3,1,,1,1,,1,3
444130,4234,2649,1403,764,414,196,162,95,142,139,64,51,32,24,12,7,8,5,2,2,1,6,8
444190,11022,5507,2305,1119,692,434,297,214,322,379,179,187,90,112,42,15,38,12,21,11,7,17,26
444210,1880,1017,290,143,74,41,19,10,17,23,11,14,11,15,6,2,,1,,,1,2,3
444220,5441,2346,928,502,293,178,125,74,119,149,65,93,42,33,12,6,18,4,8,6,,5,10
445110,23560,5893,2838,1705,1361,1051,801,621,966,1232,548,503,225,227,104,61,92,46,40,21,18,37,68
445120,18913,3946,1557,586,262,114,77,34,60,35,22,24,19,18,9,6,10,7,7,3,,14,18
445210,2621,1221,455,246,129,66,39,40,39,29,13,14,4,1,,,5,2,1,1,,,
445220,1321,350,129,59,31,17,17,7,12,12,7,7,2,2,2,1,,,,2,,,
445230,1794,453,174,82,52,35,24,20,27,32,12,10,3,4,2,1,2,,1,1,,,
445291,1536,530,200,93,55,47,22,16,19,28,10,15,3,4,4,3,4,1,3,3,,1,2
445292,1196,468,174,55,37,16,14,6,20,21,13,12,6,5,2,1,4,1,4,1,1,2,3
445299,2657,951,421,184,107,56,49,35,39,55,25,22,11,7,5,3,6,,5,,,3,2
445310,19921,6417,1574,537,262,146,99,79,73,68,36,30,17,20,15,9,13,2,4,6,5,9,7
446110,6627,5841,3069,1357,726,388,268,161,198,184,81,60,25,35,23,18,20,13,25,11,10,33,94
446120,5526,1274,287,109,59,27,20,12,13,19,7,8,4,1,1,4,2,2,1,1,3,1,8
446130,2970,1055,300,107,57,35,7,12,19,16,10,17,6,11,3,,4,3,2,2,,2,12
446191,3427,988,271,111,52,34,26,15,28,19,4,3,2,4,1,1,1,1,2,,1,1,3
446199,4143,1431,546,241,148,91,83,44,55,98,33,31,22,31,10,9,8,8,9,10,6,18,42
447110,29076,14691,5526,2079,927,507,342,228,330,402,236,205,134,172,77,39,62,31,33,13,5,31,44
447190,5906,2547,847,411,201,138,115,96,153,184,118,149,76,98,50,33,51,19,21,6,5,18,30
448110,2349,772,257,93,73,33,25,16,30,29,18,21,3,8,8,3,3,3,2,8,2,2,14
448120,8291,2774,764,293,156,90,79,46,68,77,47,36,20,23,14,8,13,7,12,6,10,14,47
448130,1501,393,111,42,33,10,8,7,6,12,7,6,1,2,2,1,2,3,1,2,,2,16
448140,4199,1482,503,243,151,72,60,31,51,65,27,31,24,23,14,14,7,12,10,9,6,9,49
448150,2900,695,171,71,41,22,19,10,9,19,4,7,7,4,2,,3,1,2,2,1,3,10
448190,4300,1406,452,191,108,59,37,22,40,45,30,23,11,14,12,3,7,4,9,4,2,3,21
448210,2994,1347,504,214,125,70,59,36,60,53,25,25,12,14,6,8,7,6,4,6,7,6,22
448310,11377,3256,809,294,125,62,46,32,39,42,23,31,10,11,10,2,10,5,4,3,3,1,9
448320,307,76,40,10,5,3,4,1,3,2,1,5,1,3,1,,1,,1,,1,1,1
451110,10120,3540,1246,563,295,174,140,86,116,136,49,42,19,23,13,11,7,2,6,6,4,8,16
451120,2632,1060,379,133,55,33,31,14,27,28,12,9,8,3,3,1,4,1,1,2,,2,6
451130,2147,866,242,79,36,13,10,6,8,11,2,4,2,1,,1,,1,,,,1,1
451140,1806,623,204,97,46,32,19,9,20,21,9,11,2,2,,,,,1,1,,,1
451211,1633,625,207,96,47,31,24,21,17,32,24,14,16,11,5,4,1,6,3,2,,9,7
451212,737,114,32,13,6,6,2,2,6,2,3,,,,,1,1,,,,,,1
452111,,,,,,1,,,,,,,2,,,,,,,,1,1,9
452112,4,,,,,,,,,,,,,,,,1,,,,,,7
452910,6,,,,,,,,,1,,,,,,,,,,1,,1,7
452990,5840,1259,395,146,84,54,34,31,42,58,26,23,12,15,8,9,12,5,2,4,2,9,19
453110,8984,2889,745,261,127,53,35,25,34,38,13,14,2,7,,1,2,1,,,,1,2
453210,2104,591,193,76,39,22,16,9,21,12,8,14,1,5,,1,1,,2,4,,1,6
453220,10794,3598,1163,421,246,129,113,74,92,93,46,60,25,34,16,9,14,14,12,6,4,12,23
453310,9140,2620,789,377,231,138,86,71,86,121,81,94,44,82,44,34,64,21,35,12,7,11,10
453910,2867,1276,436,197,102,59,45,17,34,24,15,19,5,14,1,1,4,,1,1,1,1,2
453920,3960,618,133,54,24,14,13,8,8,5,6,6,3,2,3,,1,1,1,1,,1,2
453930,957,312,108,36,13,12,2,5,11,3,5,4,,4,3,,1,,,1,,3,1
453991,6666,1334,358,146,65,57,30,21,21,27,21,18,19,13,7,4,8,4,4,1,,5,8
453998,9750,2648,837,330,183,102,67,53,72,75,33,24,11,11,2,6,6,2,2,1,,3,6
454111,18877,3412,1273,598,345,217,149,99,191,186,82,99,50,63,34,28,40,29,29,23,12,44,112
454112,294,52,18,7,5,7,3,3,1,3,1,4,,,4,,1,1,2,1,1,,2
454113,2762,766,359,184,114,72,52,45,63,121,65,78,44,45,29,33,31,11,26,15,5,14,69
454210,2505,433,170,83,59,31,23,11,26,31,21,16,13,9,5,3,4,3,1,1,1,2,6
454310,2000,1287,567,254,167,100,69,52,75,81,45,54,27,34,15,4,10,8,6,1,3,9,3
454390,14457,2457,762,331,204,108,63,52,76,98,46,36,23,26,13,10,7,7,9,5,1,6,18
481111,102,22,10,8,10,4,3,7,8,12,3,12,5,11,1,3,5,5,5,2,2,7,13
481112,124,18,6,8,6,2,1,4,1,7,4,6,6,7,3,1,5,3,1,1,,2,5
481211,835,174,91,62,40,29,20,12,26,26,13,19,12,9,10,6,10,11,8,2,3,12,35
481212,99,14,3,4,6,2,,1,,4,5,4,1,2,,,1,,1,1,2,2,1
481219,368,69,30,22,6,5,5,3,10,6,3,2,4,2,1,1,5,2,,1,,2,1
483111,133,17,13,6,2,5,5,2,5,4,3,2,2,3,1,4,1,1,,1,,4,4
483112,26,4,2,1,1,,,,,3,2,1,,1,,,,,,,,3,3
483113,167,55,30,14,4,8,8,10,10,10,6,9,9,8,3,5,5,4,3,3,2,5,7
483114,64,17,8,2,8,4,1,1,2,2,1,1,2,2,1,,2,,,,,,
483211,144,49,27,11,8,8,3,5,9,7,2,4,3,4,5,2,4,2,1,1,2,6,7
483212,128,28,10,7,2,2,1,1,3,5,3,2,,1,1,,1,1,,,,,
484110,19094,3514,1425,704,398,283,180,146,191,221,127,103,56,58,34,20,38,16,14,10,13,20,37
484121,21514,2887,1263,681,448,330,249,186,280,374,195,217,110,119,66,33,59,35,30,22,18,50,81
484122,3138,439,169,79,46,37,35,17,24,59,34,36,14,21,12,8,17,7,8,7,6,13,24
484210,3651,1246,641,405,259,195,133,90,121,140,67,50,19,27,11,10,9,5,4,4,1,5,5
484220,19219,3896,1569,810,519,346,230,160,214,265,137,123,64,79,30,21,35,16,22,14,11,22,45
484230,5406,1067,442,238,177,129,93,75,96,141,73,107,62,75,43,22,33,19,25,13,13,27,55
485111,17,3,1,1,,,,,,,,1,,,,1,,,,,,,
485112,3,,,,,,,,,,,,1,,,,1,,,,,1,1
485113,224,58,37,18,15,16,5,7,12,18,9,17,13,7,2,3,9,1,2,1,,3,7
485119,9,3,2,1,1,,1,,,1,2,1,,,,,2,,1,,,1,1
485210,136,40,26,17,9,17,2,5,8,11,3,7,9,2,3,,2,1,1,,,1,2
485310,2207,462,192,111,69,38,38,16,33,33,14,6,7,8,3,3,4,,1,1,1,3,2
485320,3441,601,291,136,100,47,52,37,56,68,30,37,11,6,2,3,3,2,3,,1,1,1
485410,958,394,226,164,115,93,78,59,90,150,80,79,58,56,20,11,23,7,9,6,,8,8
485510,480,166,122,68,46,49,42,33,42,67,29,31,10,13,6,2,9,4,3,2,,2,3
485991,1085,463,267,160,94,79,73,58,68,94,45,45,38,42,22,14,28,3,12,8,,5,10
485999,835,168,68,44,41,20,10,17,17,20,18,7,9,10,5,2,6,4,5,3,2,3,7
486110,22,3,4,,,,1,,1,,1,1,,1,1,1,1,3,1,2,1,7,15
486210,26,17,6,5,2,1,1,1,2,3,2,1,,1,1,2,2,3,4,4,4,10,20
486910,13,4,1,1,3,1,,,,2,,1,,1,,,2,1,3,3,1,8,15
486990,5,2,,,,,,,,,,,,,,,,,2,,,1,7
487110,376,99,36,22,17,11,11,6,13,13,5,8,2,6,3,2,1,1,1,1,,3,5
487210,1289,183,77,40,30,13,13,8,12,21,8,7,7,3,2,1,2,3,1,3,1,,2
487990,129,34,10,6,2,8,6,,2,4,2,,1,3,,,2,1,,,,1,
488111,4,,1,,,,,,,,1,,,,,1,1,1,,,,,1
488119,445,193,112,64,41,38,26,20,19,20,18,15,4,10,8,2,10,10,7,3,7,10,14
488190,1685,488,200,129,57,46,37,26,41,49,29,28,19,22,15,3,12,17,4,5,8,13,33
488210,162,85,54,31,16,18,10,9,15,14,13,15,7,10,7,6,5,11,10,4,4,4,18
488310,135,49,18,11,6,4,4,1,2,6,7,2,7,2,,3,7,4,4,3,2,5,8
488320,80,30,27,9,7,10,5,6,2,15,11,7,8,10,4,8,9,6,5,5,2,7,9
488330,499,66,39,18,15,17,1,11,12,12,4,15,4,5,2,3,4,3,,2,2,4,5
488390,459,94,55,23,21,11,7,12,8,18,10,16,10,2,3,1,4,3,2,,2,6,3
488410,5048,1648,704,349,180,121,73,51,59,57,9,6,3,6,3,2,2,2,2,1,2,1,3
488490,979,184,89,50,31,19,15,14,17,16,17,10,10,14,6,3,10,11,8,2,,7,17
488510,8431,2743,1067,515,312,217,157,98,179,204,111,129,64,84,35,26,50,16,26,20,13,40,61
488991,674,247,67,42,24,18,11,8,8,25,9,13,8,6,4,4,1,1,5,2,,1,2
488999,235,19,5,7,3,3,2,1,,4,,1,,1,,,2,,1,,1,,
492110,2604,936,410,170,84,33,26,21,24,32,21,17,13,12,4,3,8,6,2,2,1,2,6
492210,2561,740,341,132,70,44,23,20,30,32,19,23,11,8,4,4,6,3,4,2,,1,4
493110,1394,614,320,204,128,119,98,85,145,221,165,240,149,172,122,77,169,91,114,71,50,171,387
493120,182,77,51,25,30,29,16,16,20,40,24,20,11,15,6,5,8,8,7,4,5,8,33
493130,153,57,18,22,9,6,4,7,8,9,6,12,6,13,4,7,9,3,2,2,1,4,17
493190,379,145,59,52,24,24,27,19,28,42,17,44,32,47,23,17,32,20,26,14,11,36,106
511110,1892,974,469,219,134,107,81,56,82,92,48,62,33,48,19,20,16,11,11,8,9,6,18
511120,2666,782,377,201,102,77,51,45,65,79,63,66,36,38,25,15,24,9,13,10,5,12,30
511130,1417,286,134,72,61,32,23,20,35,45,27,32,21,18,6,4,10,4,4,5,3,14,32
511140,366,103,58,25,12,9,5,9,7,14,8,8,8,10,5,4,5,,2,3,3,4,6
511191,47,11,7,3,1,,,,3,,2,5,2,,,,,,2,,,,2
511199,468,107,41,8,6,6,7,5,9,8,6,4,1,2,1,,,,3,,2,3,2
511210,2918,907,515,303,258,169,116,111,150,199,105,153,62,75,32,28,42,26,28,24,14,36,72
512110,11532,1041,342,189,107,68,51,39,48,69,33,28,28,13,12,2,8,7,8,3,1,7,24
512120,250,54,21,14,3,2,3,4,3,2,,4,2,,1,1,2,,,,,1,3
512131,463,357,255,179,128,107,64,38,52,55,23,31,16,23,12,8,8,6,8,,,3,9
512132,142,23,9,5,10,1,5,,2,1,1,2,,,,,1,1,1,,,,
512191,1773,199,93,29,28,29,18,12,20,14,13,16,7,6,4,2,2,1,1,,,2,8
512199,154,32,9,5,1,2,2,2,,3,,,,,1,,,,,,,1,2
512210,316,32,13,3,4,1,,,,,,1,,,,,,,,,,1,1
512220,214,40,15,7,2,5,2,4,4,1,,1,2,1,1,,,1,,1,,1,2
512230,547,68,29,9,6,4,1,2,2,6,2,5,,1,1,2,1,,,1,,1,1
512240,1410,159,43,17,14,4,4,3,7,6,5,2,1,,,,,,,1,,1,1
512290,278,40,24,5,3,6,3,5,4,2,1,3,1,1,,,1,2,,,,,
515111,266,62,31,21,11,12,10,4,1,9,10,7,,3,2,2,2,3,5,3,1,4,7
515112,951,758,429,232,133,88,57,40,47,61,39,25,14,19,12,7,9,7,9,7,3,3,10
515120,348,107,62,37,20,25,24,19,21,34,25,35,15,13,8,9,9,8,5,5,4,7,17
515210,186,76,36,12,7,9,4,3,7,15,5,7,4,2,4,,2,3,5,2,1,2,18
517110,1431,607,307,176,115,91,68,53,93,123,70,62,38,33,17,7,23,9,11,8,6,12,34
517210,345,108,48,34,17,14,7,10,28,17,19,23,12,16,1,2,7,3,4,3,1,4,19
517410,258,56,24,9,8,2,10,4,2,7,6,6,3,5,4,3,2,3,1,,,2,5
517911,1250,250,84,53,28,13,21,10,26,31,24,15,5,9,3,4,7,3,6,4,1,4,5
517919,1766,365,107,56,25,23,25,13,27,19,13,18,5,10,1,4,5,3,6,1,1,7,7
518210,4602,1261,619,380,296,220,195,139,200,319,185,230,130,120,81,40,76,45,48,38,26,72,198
519110,115,39,16,8,2,4,1,4,4,6,1,3,2,,1,,1,4,,2,1,1,7
519120,897,442,205,96,65,38,28,15,22,40,14,11,9,6,4,3,3,1,3,1,2,,2
519130,4202,725,313,149,111,73,36,44,53,99,52,64,28,34,22,20,24,13,13,15,14,22,51
519190,1213,105,36,16,8,12,5,3,6,11,5,6,2,2,2,5,1,2,1,1,1,4,7
521110,,,,,,,,,,,,,,,,,,2,5,3,,2,
522110,105,274,402,411,387,344,351,278,464,691,427,447,230,215,93,70,88,39,33,27,12,37,48
522120,31,57,57,48,57,31,27,35,78,98,82,110,42,55,22,20,17,15,11,8,7,13,19
522130,1874,1202,528,325,245,186,150,131,179,324,167,220,128,129,68,34,38,10,10,3,3,2,10
522190,9,1,,,,,,,,,,,,,,,,,,,,1,2
522210,178,14,3,2,3,,,1,1,,4,2,4,1,2,1,2,1,2,,3,3,22
522220,1459,337,126,70,55,32,24,19,30,43,18,33,13,25,12,14,29,16,16,9,4,27,71
522291,2131,452,157,76,62,40,26,20,44,62,27,33,22,15,19,5,11,6,10,7,2,15,24
522292,1601,312,159,85,75,47,35,28,54,106,65,101,56,82,43,36,49,20,32,16,7,26,40
522293,170,20,2,5,2,1,,2,1,2,,,,,,,1,,,,,,5
522294,114,12,7,1,1,1,1,2,2,2,2,1,,1,1,1,4,1,1,,,,5
522298,3578,1210,344,131,65,53,20,28,35,52,24,24,15,20,9,5,9,5,7,,3,9,20
522310,5384,698,196,68,42,29,23,14,22,33,17,25,18,17,10,6,6,2,10,4,2,5,8
522320,1919,312,120,63,47,26,20,24,32,45,29,36,16,25,9,5,7,9,8,10,6,5,27
522390,2762,674,187,78,57,26,30,28,41,47,28,28,20,18,11,11,15,5,13,9,4,18,18
523110,1701,284,110,55,33,22,16,11,29,26,15,24,19,25,8,5,9,5,13,7,2,14,29
523120,6836,908,221,89,58,45,38,28,40,57,36,35,20,30,15,9,21,12,16,6,5,28,52
523130,424,81,37,9,8,1,8,4,3,6,9,4,4,4,4,1,3,2,4,2,1,5,10
523140,783,140,49,23,11,5,7,4,5,6,8,7,1,3,4,,6,3,1,2,,1,4
523210,,,,,1,1,,,1,,1,,,2,,,2,1,,2,,1,
523910,5658,726,200,137,49,41,38,23,34,57,40,38,28,28,21,10,19,13,14,10,7,18,42
523920,14608,3148,945,494,275,169,125,107,153,189,89,104,58,81,44,24,42,29,49,24,12,44,88
523930,15342,1468,346,146,106,83,40,35,55,68,35,42,14,34,16,17,30,12,16,12,3,21,59
523991,1299,188,92,65,53,26,24,21,19,11,11,15,11,13,10,4,9,11,7,8,5,15,31
523999,864,65,17,7,10,1,1,3,4,4,5,3,3,2,1,2,1,1,1,1,1,5,11
524113,385,50,18,13,17,11,14,6,11,17,11,20,11,8,4,7,8,7,10,4,10,28,40
524114,350,55,34,16,19,5,10,11,16,25,24,22,21,21,18,11,18,10,18,10,5,29,82
524126,1121,403,120,58,48,24,19,18,33,51,48,35,35,49,26,12,25,21,26,12,10,24,46
524127,619,154,40,15,14,12,6,5,9,5,8,3,2,5,3,1,4,1,1,2,,3,9
524128,253,42,16,17,13,4,2,4,5,9,10,10,3,1,3,,9,,2,1,1,3,18
524130,66,16,5,4,,5,,1,2,7,2,4,1,5,1,3,2,1,4,3,,3,11
524210,92325,19806,4109,1636,858,553,353,262,404,401,202,199,98,122,76,41,67,36,46,33,18,45,95
524291,2459,398,135,77,37,23,23,18,30,31,11,19,9,15,4,4,7,6,4,2,2,5,15
524292,1053,444,234,196,108,78,53,46,66,129,58,68,39,50,23,17,25,14,13,12,6,29,66
524298,1516,230,76,32,30,7,9,7,12,23,12,24,6,9,6,3,6,3,5,3,2,8,18
525910,108,12,6,5,,5,1,1,2,,1,2,2,1,1,1,,,1,3,,3,2
525990,712,67,21,13,8,7,2,1,4,7,4,2,3,5,4,1,,,1,2,1,4,6
531110,38975,6952,1772,690,413,248,190,126,199,272,147,148,105,129,85,47,88,33,42,30,16,21,39
531120,23160,3506,1037,520,278,196,124,92,144,201,92,116,72,83,39,41,50,37,29,24,15,31,75
531130,8466,991,153,52,34,22,15,16,17,21,12,14,9,11,7,4,4,2,5,,,1,4
531190,6094,941,201,77,39,27,17,10,19,25,15,16,12,14,6,3,5,6,7,1,3,5,7
531210,77230,5245,1248,505,282,163,130,93,126,175,86,97,47,45,21,17,24,12,10,13,4,15,36
531311,21402,5084,1905,1001,634,410,282,238,349,507,280,286,162,175,79,54,80,29,20,18,8,19,28
531312,9724,2310,939,504,270,219,136,92,156,200,107,120,53,64,23,22,33,13,19,10,6,18,26
531320,11317,806,222,74,50,24,14,7,12,20,11,11,3,7,3,5,2,2,3,3,1,,7
531390,12148,1138,385,178,93,67,35,25,53,57,31,25,18,23,8,6,15,6,5,6,4,5,24
532111,1373,288,86,34,28,13,10,8,18,18,10,11,7,5,7,3,1,3,6,1,,2,5
532112,273,65,26,10,10,6,4,4,4,8,4,6,1,6,2,2,3,3,,1,,2,4
532120,1093,200,90,32,27,14,12,15,16,32,12,27,20,20,8,5,13,8,7,2,4,7,12
532210,286,115,47,22,21,8,11,11,11,14,11,9,5,6,2,3,,2,1,,,1,3
532220,400,135,46,21,13,8,3,4,5,6,5,7,6,3,1,,,,1,,,,
532230,930,317,79,29,17,7,6,2,7,7,4,,,1,3,,,,,1,1,,3
532291,203,144,70,47,27,16,13,11,11,19,10,10,7,5,3,2,3,2,6,4,,9,15
532292,1463,249,86,37,30,14,12,10,10,11,2,4,1,2,,,1,3,,1,,2,2
532299,1941,648,297,170,116,91,54,38,42,51,21,20,10,10,9,5,3,2,1,,1,,5
532310,1238,632,234,105,52,51,22,8,18,23,10,8,4,3,2,2,1,,,1,,,3
532411,436,66,18,17,6,8,6,3,2,6,5,1,1,2,3,2,,3,2,2,3,3,8
532412,1294,438,205,139,79,56,29,30,58,65,32,32,16,27,10,15,11,5,12,9,4,10,17
532420,277,73,22,14,12,6,3,4,2,10,4,1,,3,4,2,,1,1,1,,3,7
532490,2497,747,340,222,133,98,63,56,82,101,46,53,36,32,12,15,17,10,20,6,8,16,33
533110,1401,306,153,68,48,27,22,20,27,36,22,29,14,19,15,8,12,6,16,6,5,29,68
541110,125264,23122,6794,3064,1643,1053,761,515,734,873,423,390,182,184,76,42,64,38,52,21,9,11,16
541191,5017,1325,419,195,118,53,35,34,56,59,35,27,16,13,8,7,10,7,8,7,1,8,13
541199,2635,360,108,49,32,25,16,7,13,19,6,17,5,8,2,3,2,2,1,1,1,1,3
541211,36730,10209,3054,1254,601,358,225,155,235,285,122,104,58,40,21,14,20,2,10,5,5,9,24
541213,12012,2691,935,470,277,184,113,91,121,148,56,44,13,17,9,2,1,1,3,,3,1,8
541214,1875,631,307,207,148,112,106,89,128,191,90,139,91,98,47,41,59,32,25,16,11,29,75
541219,29021,4784,1255,565,292,222,136,118,170,191,106,96,61,71,35,25,44,26,21,19,20,39,103
541310,13497,3478,1271,577,329,193,156,95,154,182,98,85,35,30,14,6,13,7,6,4,1,5,14
541320,3624,742,254,93,58,31,28,13,25,14,9,10,3,3,2,2,4,1,,,3,,2
541330,27779,6394,3044,1706,1001,763,523,413,560,837,394,426,214,228,129,86,101,72,76,51,28,92,153
541340,1977,224,64,30,14,7,3,6,6,5,2,3,3,3,1,1,,,2,1,,2,3
541350,4989,392,114,47,20,18,18,9,11,15,8,10,4,1,2,1,,1,,1,,1,5
541360,789,78,31,10,12,8,6,5,10,7,7,,2,4,1,1,3,4,1,1,,2,3
541370,5031,1420,464,196,108,56,43,25,33,48,21,21,13,15,10,3,5,5,,2,1,2,9
541380,2407,966,467,269,181,112,96,65,118,156,78,77,28,30,26,12,38,17,10,7,9,26,46
541410,9963,1187,306,110,60,42,34,25,28,15,6,10,3,3,4,,,2,1,,1,1,5
541420,1082,164,76,27,15,13,9,3,6,11,8,3,2,4,3,5,4,1,4,1,,4,10
541430,12537,1568,444,218,104,75,52,31,29,31,13,12,6,7,5,,3,,1,1,2,4,10
541490,1733,202,49,22,11,11,5,6,7,7,5,4,4,2,2,,2,,,1,1,4,3
541511,46362,6364,2653,1509,909,648,451,371,477,734,387,405,191,184,88,64,83,50,57,34,24,54,156
541512,30426,3726,1506,802,489,345,239,190,275,365,192,186,99,116,68,35,54,29,36,20,17,46,119
541513,3364,665,279,143,107,67,40,37,45,87,50,48,31,42,22,10,15,12,14,9,8,22,61
541519,8260,766,239,144,109,69,52,36,79,93,46,40,32,27,13,7,12,6,4,3,6,11,37
541611,57770,4659,1717,829,542,352,274,192,321,431,225,259,124,126,64,37,75,39,47,31,28,72,115
541612,4563,630,237,145,86,51,47,31,56,73,26,41,18,25,15,9,12,7,6,9,6,8,32
541613,27941,2494,941,500,325,199,133,108,152,166,77,78,33,37,22,8,21,16,21,8,3,21,54
541614,5193,660,246,127,89,57,33,34,38,78,56,53,18,24,19,8,21,8,7,9,5,17,48
541618,7422,420,137,72,35,10,22,12,25,25,13,10,3,3,2,3,4,2,1,2,,1,7
541620,5786,1215,476,241,142,111,79,47,74,113,37,57,21,26,11,6,9,11,11,3,4,13,18
541690,19778,1977,710,321,201,117,94,79,90,133,74,56,23,41,16,14,21,18,11,6,7,19,41
541711,1750,447,194,130,70,34,58,33,47,66,35,46,22,22,11,11,19,7,1,6,4,23,40
541712,5007,1375,664,357,235,183,133,106,170,226,137,148,75,111,66,37,90,43,68,50,33,132,258
541720,1069,221,110,56,32,23,17,16,20,34,19,18,13,7,7,9,9,3,2,6,1,6,13
541810,8017,1758,724,407,244,156,101,87,141,157,99,78,34,35,15,13,14,7,11,10,4,7,38
541820,5920,1001,358,187,78,65,41,21,29,45,20,22,12,9,5,3,8,2,,4,2,9,32
541830,503,109,46,22,17,14,8,,10,14,7,7,11,4,3,,6,2,1,1,1,3,9
541840,947,158,54,34,22,10,6,6,13,9,7,8,2,8,3,1,4,2,1,1,1,4,6
541850,1440,285,117,53,27,17,16,12,16,19,15,11,8,6,5,3,,1,2,4,1,2,5
541860,1353,409,193,116,77,64,37,19,41,57,29,26,15,17,12,5,5,4,4,,1,6,13
541870,527,84,36,20,8,7,8,6,11,13,7,5,8,2,7,2,4,1,,3,1,3,2
541890,4710,911,347,161,96,81,40,48,54,51,47,34,16,17,13,4,14,5,2,6,2,9,18
541910,2701,541,255,128,119,80,66,39,58,75,41,58,28,38,12,17,22,8,14,6,4,10,26
541921,7272,629,160,83,39,27,24,11,17,23,7,14,5,1,2,2,2,2,4,1,,2,3
541922,3276,261,75,30,17,8,8,3,4,13,3,2,2,1,1,3,,3,,,,,4
541930,1851,207,76,40,29,22,16,6,15,14,6,16,2,3,1,2,4,1,4,3,,2,3
541940,8855,8250,5010,2621,1397,673,414,233,280,210,71,45,12,9,6,2,5,,3,,2,2,6
541990,12356,1143,372,164,115,74,44,39,57,67,39,39,18,13,15,10,11,6,12,7,5,12,27
551111,63,19,14,23,17,24,23,19,52,78,67,79,56,47,21,18,22,12,12,15,6,12,11
551112,2472,416,197,143,99,74,73,55,97,186,138,252,133,200,134,88,158,105,117,102,52,172,280
551114,251,301,345,370,336,333,411,378,639,1452,1296,1905,1431,2133,1415,1015,1677,908,1076,678,415,1081,1435
561110,17576,3897,1723,946,623,445,354,272,418,540,319,371,220,263,156,91,196,87,109,86,44,120,231
561210,620,193,117,73,67,46,37,31,43,90,56,74,53,79,34,25,45,30,22,21,6,36,85
561311,3259,652,285,170,130,108,72,64,106,157,88,101,64,50,26,16,26,15,12,11,5,23,35
561312,4387,664,214,112,59,40,33,23,23,40,5,13,9,6,6,3,6,1,1,,,1,7
561320,3948,1187,807,559,448,403,322,274,516,863,592,724,475,574,283,205,328,153,175,95,53,109,127
561330,925,292,183,132,117,92,78,73,136,221,103,160,104,149,84,47,112,72,77,35,31,72,81
561410,3171,352,147,72,43,27,26,16,20,32,15,16,8,8,10,2,3,4,1,3,2,5,13
561421,399,215,187,134,70,42,26,16,25,32,15,19,5,3,5,4,5,,3,4,3,4,21
561422,1004,283,176,129,93,91,64,45,79,124,71,85,67,67,42,32,54,22,33,20,13,44,110
561431,2984,1197,176,58,27,10,6,7,6,7,1,6,2,2,1,1,2,1,1,,,,5
561439,1378,458,198,72,49,29,20,16,28,31,21,9,5,9,5,4,4,4,4,2,3,7,14
561440,1601,676,374,205,145,107,60,69,86,126,58,66,34,33,26,14,15,12,9,4,4,14,35
561450,191,48,33,16,16,6,5,3,6,8,4,6,2,2,,,,2,1,2,1,5,6
561491,457,140,40,36,19,7,7,3,4,13,3,2,1,1,1,,,,,,,,
561492,2799,219,74,35,24,12,8,7,6,11,6,1,1,1,,1,3,1,1,,,1,3
561499,2748,438,172,76,45,40,24,24,35,38,20,23,15,22,13,8,12,12,12,6,3,15,38
561510,7336,1124,305,135,85,66,46,26,54,55,29,23,20,17,9,6,12,6,6,7,4,6,13
561520,1658,441,158,79,46,35,31,18,17,25,19,13,5,10,5,3,7,4,3,4,,1,6
561591,518,194,68,37,27,10,8,10,14,22,13,5,2,4,,,,,1,,2,,
561599,980,215,83,52,38,20,15,4,24,23,23,23,11,13,13,6,8,6,9,8,4,6,30
561611,3063,460,182,121,60,27,34,14,27,45,19,21,6,12,5,1,8,1,2,2,1,6,16
561612,2076,812,538,394,281,195,158,152,204,324,193,200,131,132,67,34,54,20,27,14,4,25,42
561613,28,15,7,4,4,4,2,,3,5,5,4,3,,1,1,2,,1,,,,5
561621,3187,1032,447,238,156,108,76,50,70,96,47,48,18,20,9,10,10,6,8,1,3,7,26
561622,2750,635,162,63,34,13,6,5,4,8,3,5,,,,,,,,,,,2
561710,7579,2032,790,339,191,136,71,51,58,74,44,22,15,11,5,2,4,2,4,1,,2,4
561720,30873,8546,3690,2162,1315,895,667,486,664,785,376,403,199,229,118,54,89,43,56,20,14,28,44
561730,70760,12751,4389,2075,1212,705,548,407,470,560,232,204,88,76,26,14,21,7,7,5,,9,13
561740,5602,1111,349,155,77,54,37,25,30,32,15,17,5,5,1,1,2,1,1,,1,,3
561790,9311,1835,588,255,121,96,69,36,51,53,25,15,8,10,2,,5,2,1,,,4,1
561910,669,224,107,73,45,35,31,24,37,62,32,31,28,22,12,5,8,3,6,4,3,3,15
561920,3125,571,233,138,74,47,44,25,51,64,37,42,18,19,4,6,14,5,5,4,,7,12
561990,7492,1933,758,360,220,130,103,75,98,126,67,67,29,37,32,16,30,18,25,20,10,24,82
562111,3113,1449,647,376,223,168,110,87,122,113,69,62,33,30,13,11,16,6,12,2,3,7,11
562112,137,48,27,13,14,10,11,7,5,7,4,8,8,2,4,1,1,,,1,1,1,6
562119,438,126,47,26,9,11,6,8,10,11,4,3,1,,2,1,1,,,2,1,1,4
562211,165,68,38,23,20,14,9,4,7,11,5,5,6,9,6,3,4,,2,1,4,6,11
562212,288,150,63,43,17,11,6,10,11,8,5,8,2,6,2,3,5,3,2,1,2,4,7
562213,14,5,4,3,1,3,,1,2,,,,,2,,,,1,1,1,,1,6
562219,115,32,19,5,9,6,3,1,3,2,1,2,1,2,1,,,1,,1,1,1,3
562910,1401,638,352,206,147,103,85,60,82,103,64,49,19,31,15,13,7,3,4,5,5,14,26
562920,407,205,104,63,48,32,17,18,28,28,23,20,9,8,13,5,15,5,9,,1,6,10
562991,2140,663,223,96,58,28,19,17,19,18,6,9,2,1,2,,1,,3,,,1,
562998,516,211,104,62,26,13,13,13,17,14,5,7,5,1,,2,3,1,3,,1,,4
611110,2981,2117,1703,1360,1225,1116,1013,837,1306,2145,1171,1118,545,430,158,87,102,35,32,19,14,18,15
611210,98,49,26,17,12,13,12,15,21,30,22,30,17,32,23,14,18,4,12,5,3,7,12
611310,444,152,94,68,50,53,31,27,68,95,69,101,74,114,92,94,189,134,174,92,57,76,89
611410,68,16,10,6,4,3,4,2,7,4,,3,5,3,,2,1,,2,,,,
611420,952,181,68,41,34,18,17,9,19,18,9,4,7,2,1,3,3,,2,1,1,1,2
611430,4442,701,272,145,80,73,40,29,41,47,27,35,22,19,15,5,18,12,7,5,2,11,25
611511,503,308,175,121,70,43,34,15,30,27,13,8,4,4,2,3,3,2,,2,,1,3
611512,431,125,71,31,21,21,5,2,7,11,6,4,2,5,2,2,3,3,1,1,,1,7
611513,489,273,118,34,31,34,25,15,12,13,7,9,6,6,2,3,,1,,,1,,2
611519,1836,574,234,141,82,58,53,32,45,59,33,37,27,19,12,11,13,10,16,6,3,8,28
611610,7167,2906,1368,594,257,152,94,56,68,59,32,33,7,11,4,1,4,1,,,,,2
611620,9396,2574,1144,641,376,266,163,135,162,168,45,30,11,14,3,5,3,1,2,2,,4,2
611630,527,231,134,97,64,48,27,21,27,24,13,12,5,5,3,2,2,,,,,3,1
611691,3782,1517,845,502,322,168,106,67,96,131,38,53,17,26,21,17,13,6,5,3,4,3,2
611692,1409,455,169,76,33,26,13,7,7,20,5,7,4,1,,,,,1,,1,,1
611699,3849,771,345,172,89,78,27,24,32,37,17,13,9,15,4,2,8,3,3,2,1,3,6
611710,4788,866,348,212,99,78,47,47,59,72,47,50,24,22,18,10,17,3,9,3,4,9,12
621111,94110,37880,14133,6885,4025,2601,1807,1260,1792,1944,925,817,388,407,193,113,182,96,110,80,62,161,265
621112,8696,1024,251,115,54,28,25,21,15,32,19,19,17,19,8,10,14,11,15,10,7,25,42
621210,50673,49732,16065,5036,1882,847,470,277,286,227,76,80,42,47,27,13,25,9,11,7,6,10,12
621310,29607,7173,1252,300,127,49,28,13,27,10,6,1,3,6,2,,2,,2,,1,2,4
621320,10808,5916,1805,635,270,163,81,47,55,59,29,27,10,15,7,3,5,4,3,,3,2,14
621330,16925,1389,552,276,143,122,84,56,87,154,72,92,54,60,33,37,36,23,21,10,5,11,26
621340,14820,4755,2011,1035,552,335,221,161,216,233,136,125,46,73,59,40,53,28,46,28,22,45,101
621391,5143,1934,420,160,75,34,22,10,9,10,8,5,3,5,4,,5,3,3,4,1,5,11
621399,12989,1514,487,214,113,93,70,61,83,65,30,31,17,20,5,6,13,9,15,8,2,12,43
621410,698,304,114,55,45,25,19,10,18,20,20,20,13,21,11,6,12,1,1,1,1,3,6
621420,1913,589,358,253,178,126,84,96,155,229,148,194,163,182,128,82,117,49,37,17,16,26,61
621491,47,17,4,2,1,2,,,,2,,2,1,2,,,2,2,,,,1,10
621492,131,56,29,27,28,21,19,14,15,14,12,8,5,4,1,3,6,5,5,4,5,4,19
621493,1013,620,528,388,291,215,145,130,149,150,64,56,17,35,27,24,39,13,25,16,19,58,127
621498,1966,974,378,246,146,127,83,78,124,182,144,185,142,173,98,53,102,55,52,32,29,69,157
621511,1491,512,248,131,105,66,42,33,57,71,49,61,33,40,20,20,29,13,21,12,6,28,74
621512,2412,718,361,210,127,113,62,62,64,108,80,60,35,46,24,9,28,19,15,23,10,37,89
621610,7609,2476,1670,1320,974,784,668,569,867,1239,742,736,391,394,190,130,160,101,98,58,43,104,188
621910,658,356,374,360,255,204,139,107,170,175,100,108,46,55,21,17,17,3,6,5,5,19,37
621991,88,51,17,14,10,6,10,5,5,16,9,26,21,10,8,8,7,5,5,2,2,4,10
621999,1738,453,186,93,58,41,32,26,51,57,35,38,27,37,21,13,17,9,21,12,5,14,41
622110,126,13,9,4,3,2,4,7,18,89,107,244,231,314,172,140,234,152,186,153,108,253,305
622210,32,6,3,4,2,2,2,2,5,11,11,25,24,59,40,40,51,21,24,14,5,18,57
622310,65,17,4,2,2,,1,5,6,23,24,35,18,21,18,6,29,15,17,13,13,30,96
623110,1379,374,200,150,124,110,99,114,300,948,972,1562,847,703,241,125,161,86,110,56,44,99,156
623210,1461,820,551,287,191,164,130,125,193,326,224,347,250,331,207,130,199,83,71,25,17,27,21
623220,833,403,266,205,145,110,109,81,136,250,163,222,145,186,101,75,118,46,40,21,15,20,40
623311,605,288,231,177,139,128,123,110,184,283,168,221,167,244,141,66,103,37,52,25,21,44,60
623312,5526,2333,1254,778,541,406,345,291,443,513,224,207,91,100,75,57,100,49,51,35,24,38,59
623990,853,438,310,196,150,106,76,64,106,159,115,135,73,114,65,42,59,39,27,12,5,9,14
624110,3895,1324,629,393,276,158,145,142,157,269,132,153,98,128,86,64,78,50,41,20,13,13,20
624120,18633,2718,1542,1008,773,661,570,435,792,1268,783,893,483,517,321,171,288,123,112,48,33,49,58
624190,11520,2872,1356,823,460,347,275,229,305,464,306,419,270,302,182,116,163,72,70,28,13,38,47
624210,1574,579,209,126,75,68,46,45,69,101,58,69,38,46,25,9,24,12,7,3,2,2,3
624221,657,508,357,270,198,167,107,79,119,180,101,121,55,71,34,28,47,21,21,6,5,7,6
624229,1326,637,367,219,102,75,65,61,72,135,69,92,70,85,44,35,45,22,24,7,8,8,5
624230,345,90,40,24,16,7,11,8,8,13,10,16,11,7,13,7,6,5,4,,1,3,2
624310,1099,377,198,148,115,92,73,72,121,250,175,284,211,262,164,111,176,73,58,33,20,27,13
624410,24465,11521,7490,4763,3111,2084,1400,924,1091,874,348,381,231,249,137,88,110,52,43,28,14,26,32
711110,1765,449,210,111,90,74,56,58,67,100,71,65,40,22,11,4,10,3,2,6,3,2,4
711120,343,88,53,24,16,8,5,2,9,13,6,7,5,4,3,,2,,,,,,
711130,3284,543,195,84,40,23,27,14,22,39,42,37,13,16,5,4,2,3,2,,,,
711190,254,35,15,13,1,5,2,2,5,1,4,1,1,2,1,1,,,,,,1,1
711211,407,92,49,42,36,25,14,16,24,32,8,15,12,22,24,17,16,13,20,4,,3,5
711212,341,55,21,16,8,9,7,5,7,10,9,11,8,11,5,6,10,3,5,4,1,5,8
711219,1913,328,137,67,35,35,20,14,15,16,7,7,3,3,3,1,3,1,1,,1,3,
711310,1514,399,202,108,89,49,45,35,42,78,47,42,22,28,11,12,19,17,21,5,,4,14
711320,3181,504,150,80,53,31,22,11,19,32,11,13,5,13,2,3,1,4,3,2,,1,6
711410,3090,382,101,58,38,15,9,11,15,18,8,6,5,3,6,2,1,,2,,,2,3
711510,22241,1097,354,138,73,46,26,19,19,38,10,11,7,8,5,1,,,,2,,,
712110,2746,827,341,197,113,83,71,64,63,105,73,82,39,39,21,9,13,6,6,,2,1,5
712120,649,149,64,36,23,16,15,9,10,19,12,10,3,4,3,,2,,,,,,
712130,204,83,52,27,32,19,20,12,20,22,16,25,16,20,9,6,10,2,3,1,,3,1
712190,298,89,50,31,24,5,7,7,8,11,5,7,,5,3,,2,1,1,,,2,1
713110,184,52,29,18,15,10,11,7,7,13,10,10,8,7,8,2,2,1,4,1,,3,9
713120,1096,406,237,180,97,92,65,47,61,86,45,16,8,12,4,3,2,3,2,1,,,2
713210,26,10,5,4,2,3,2,4,10,11,10,25,22,25,17,10,18,7,13,8,7,8,8
713290,561,421,213,116,62,34,34,19,27,42,19,28,28,16,11,7,10,4,3,6,3,11,7
713910,3984,1465,823,588,504,350,309,285,410,706,380,319,118,75,26,25,21,16,9,10,3,9,25
713920,71,31,18,13,9,8,12,2,10,23,18,24,22,33,17,6,14,7,2,1,1,8,6
713930,2187,724,261,119,71,44,43,18,39,43,21,14,10,10,3,4,6,3,1,2,,6,3
713940,13905,4353,2214,1332,842,593,451,342,451,620,319,332,162,136,88,51,79,33,48,29,12,39,49
713950,849,611,522,363,278,176,132,82,123,96,39,25,8,6,5,3,2,3,1,3,,,2
713990,10742,2397,1031,563,355,208,158,104,159,166,66,67,30,32,31,17,21,11,11,4,2,8,10
721110,14190,6434,5134,3981,2852,1733,1064,668,880,976,512,509,249,264,129,92,137,66,63,27,19,45,67
721120,9,5,1,1,1,1,1,2,4,3,5,12,8,19,13,19,27,22,23,18,14,22,19
721191,2101,450,181,78,43,32,23,14,17,15,9,6,,4,1,,,1,,1,,,
721199,1034,181,73,39,14,11,8,10,7,8,2,1,2,3,1,1,3,1,,,,2,4
721211,3102,582,163,81,40,20,15,16,12,19,8,13,5,8,4,2,3,2,,1,,4,3
721214,1451,425,191,100,60,35,37,22,52,64,37,39,16,18,9,13,18,11,13,13,4,11,5
721310,1280,376,182,56,10,8,4,7,8,4,4,1,4,6,5,3,1,2,3,2,,3,1
722310,1301,439,212,118,89,54,41,38,61,75,34,54,34,40,24,24,34,14,22,11,10,15,20
722320,5649,1840,928,525,404,255,191,166,198,276,138,109,46,41,23,11,23,9,5,5,2,6,14
722330,3196,360,106,47,22,18,13,3,9,7,7,6,,4,,,1,,,1,1,1,1
722410,20077,10117,3662,1888,1148,783,562,384,513,535,181,107,30,35,14,11,13,8,5,5,4,3,10
722511,65993,39793,25885,17792,12876,9492,7007,5423,7546,8487,2783,1701,560,408,212,126,200,106,96,70,39,74,101
722513,59039,28667,16807,10356,6968,4724,3244,2463,3326,4046,1642,1588,901,1003,532,336,428,165,153,76,35,77,66
722514,1831,1205,553,286,225,117,91,73,105,160,75,35,19,16,12,8,7,8,2,5,4,4,8
722515,18783,9854,5554,2948,1470,829,481,301,394,442,187,143,69,78,33,12,37,13,15,5,1,19,16
811111,54842,15988,3188,1002,447,253,133,103,118,137,76,96,47,65,35,17,39,15,21,13,6,24,43
811112,1386,288,58,15,9,3,2,4,,1,2,,,1,,,,,,1,,,
811113,3339,1089,188,44,20,9,4,1,3,2,1,,1,2,1,1,,1,,,,,
811118,2539,684,151,58,28,16,5,5,8,9,1,3,2,3,3,4,3,,,1,,,3
811121,18584,7508,2979,1255,585,287,195,115,179,148,77,79,47,46,12,9,17,13,4,2,1,7,14
811122,3532,729,190,68,23,28,13,10,20,11,8,5,4,5,,2,2,,1,1,,3,1
811191,2260,1474,444,168,91,60,42,29,48,48,33,25,10,25,12,4,7,2,1,3,,1,5
811192,7365,2255,1041,682,460,331,276,209,253,228,70,60,24,27,15,4,13,2,9,4,1,6,6
811198,2927,487,74,30,11,6,11,3,1,3,1,8,2,5,2,,2,2,3,1,2,5,3
811211,1273,254,51,22,10,10,4,3,7,10,3,4,3,2,,2,2,2,1,1,1,2,6
811212,3650,635,148,60,37,29,14,17,24,21,11,18,11,11,4,7,2,5,3,1,2,3,14
811213,930,241,81,33,25,11,12,9,14,19,10,11,3,4,2,2,3,,,,2,,5
811219,1861,484,164,76,53,31,23,18,20,30,18,11,10,15,7,4,4,3,4,1,2,8,28
811310,12359,3648,1343,616,346,225,147,104,140,181,86,78,47,66,37,32,36,22,32,17,13,38,84
811411,1471,172,21,4,5,,2,1,,1,1,,1,,,1,2,,,,,,3
811412,3232,528,135,68,29,20,15,4,4,8,3,2,1,3,1,1,1,1,1,,,3,3
811420,2898,577,111,50,25,9,7,5,1,3,2,,2,1,,,3,,,,,1,1
811430,872,86,17,4,4,,,1,2,1,1,,,,,,,,,,,,
811490,7774,1034,238,89,50,21,15,11,21,21,10,7,4,,6,2,2,1,2,2,,2,12
812111,3131,412,114,54,22,6,9,8,10,16,6,4,4,2,,,1,,,1,,,1
812112,42559,11521,4361,1930,1065,654,399,286,359,355,136,106,43,33,19,6,7,,3,2,2,1,5
812113,15445,3641,743,215,100,45,18,14,11,4,3,1,1,1,,1,,,,1,,,
812191,836,248,82,26,15,11,5,2,2,5,9,6,4,2,1,2,,1,1,,,,3
812199,11187,2831,992,501,338,231,172,142,153,143,33,46,14,13,3,2,8,1,4,,2,2,2
812210,5380,3279,1286,567,261,138,92,57,80,68,29,22,6,2,1,1,3,1,1,1,,1,1
812220,2700,669,226,98,44,40,35,14,22,32,15,19,8,10,2,2,4,2,2,2,1,1,1
812310,7550,1629,324,125,71,33,19,24,16,21,9,11,3,7,3,1,3,,1,,,1,1
812320,11539,3986,1517,768,404,245,156,113,138,120,64,59,16,15,5,4,3,3,1,,2,3,12
812331,171,84,35,36,24,16,17,16,25,36,23,37,17,13,11,3,6,3,7,,1,5,17
812332,87,42,34,29,18,16,11,12,23,33,16,28,11,12,8,3,5,3,1,,1,2,9
812910,9932,2970,1170,522,276,147,71,50,61,43,12,17,4,7,1,,,,1,,1,,1
812921,325,82,47,18,6,9,7,1,5,9,4,3,2,2,,,1,,1,1,,,1
812922,141,22,5,1,,,2,,,1,,,,1,,,,,,,,,
812930,1313,606,250,134,96,70,55,49,57,77,55,59,26,21,15,9,7,5,9,5,4,3,12
812990,10178,1274,392,188,91,55,27,29,31,45,15,20,16,10,4,1,6,,1,1,,2,2
813110,106103,41456,12851,6393,4085,2719,1937,1475,2085,2376,1027,758,266,210,77,26,49,16,19,7,6,11,9
813211,7926,1457,464,257,162,99,68,52,81,99,50,58,37,35,15,12,19,9,17,8,8,18,43
813212,1827,488,200,93,66,39,30,25,40,45,17,25,10,14,5,3,9,10,18,5,6,36,75
813219,2351,487,170,97,55,36,34,26,50,44,20,31,18,12,7,4,6,2,1,,,1,4
813311,1492,497,210,120,80,42,28,21,27,38,19,22,9,11,9,6,6,4,3,1,1,1,1
813312,3175,1161,554,282,167,104,81,52,66,74,41,37,12,17,7,6,6,3,1,,,1,
813319,3976,1081,374,184,114,69,56,43,44,66,38,36,10,16,11,9,10,4,7,1,1,3,5
813410,13449,5965,1965,827,436,309,220,122,222,277,152,151,74,50,33,17,20,14,12,11,1,7,3
813910,11019,2472,748,362,230,156,115,69,106,162,60,54,32,18,11,2,11,4,4,2,4,3,6
813920,4069,1055,402,215,130,96,77,39,81,130,65,63,31,25,12,9,7,4,4,1,3,2,2
813930,6194,3489,1619,735,417,234,142,88,164,169,67,56,32,27,8,10,16,3,,,1,,1
813940,2248,304,86,46,20,15,6,7,15,10,6,3,1,,,,,,1,,,,
813990,13545,3114,1422,632,364,207,122,94,119,121,58,63,24,20,10,9,9,4,3,3,1,1,5
