TAZ,FAF4
4567,0
0,11
1,11
2,11
3,11
4,12
5,12
6,11
7,12
8,41
9,41
10,41
11,41
12,41
13,41
14,41
15,41
16,41
17,41
18,41
19,41
20,41
21,41
22,41
23,41
24,41
25,41
26,41
27,41
28,41
29,41
30,41
31,41
32,41
33,41
34,41
35,41
36,41
37,41
38,41
39,41
40,42
41,42
42,42
43,42
44,41
45,41
46,41
47,42
48,42
49,42
50,42
51,42
52,50
53,50
54,61
55,61
56,61
57,61
58,61
59,65
60,65
61,61
62,61
63,61
64,61
65,61
66,61
67,61
68,61
69,61
70,61
71,61
72,61
73,64
74,64
75,64
76,64
77,64
78,64
79,64
80,64
81,64
82,64
83,69
84,64
85,64
86,64
87,61
88,61
89,64
90,61
91,61
92,61
93,61
94,61
95,61
96,61
97,61
98,61
99,61
100,64
101,64
102,64
103,64
104,64
105,65
106,65
107,65
108,65
109,65
110,69
111,69
112,69
113,69
114,69
115,69
116,61
117,61
118,61
119,61
120,61
121,61
122,61
123,61
124,61
125,61
126,61
127,61
128,61
129,64
130,64
131,64
132,64
133,64
134,64
135,64
136,64
137,64
138,64
139,64
140,64
141,64
142,64
143,64
144,64
145,69
146,69
147,69
148,69
149,69
150,61
151,61
152,61
153,61
154,61
155,61
156,61
157,61
158,61
159,63
160,63
161,63
162,63
163,63
164,63
165,61
166,61
167,61
168,61
169,64
170,64
171,69
172,69
173,69
174,61
175,61
176,61
177,61
178,61
179,63
180,63
181,63
182,63
183,63
184,63
185,63
186,69
187,69
188,61
189,61
190,61
191,61
192,61
193,61
194,61
195,61
196,61
197,62
198,62
199,63
200,63
201,62
202,61
203,61
204,61
205,61
206,61
207,61
208,61
209,61
210,61
211,61
212,63
213,63
214,63
215,63
216,63
217,63
218,63
219,64
220,64
221,64
222,64
223,64
224,64
225,64
226,61
227,61
228,61
229,61
230,61
231,61
232,61
233,61
234,61
235,61
236,61
237,61
238,61
239,61
240,61
241,61
242,61
243,61
244,61
245,64
246,64
247,69
248,69
249,62
250,62
251,62
252,64
253,64
254,64
255,64
256,64
257,64
258,69
259,62
260,62
261,62
262,62
263,62
264,62
265,62
266,62
267,62
268,61
269,61
270,61
271,61
272,61
273,61
274,61
275,61
276,61
277,61
278,61
279,61
280,61
281,69
282,64
283,64
284,64
285,64
286,64
287,69
288,61
289,61
290,61
291,61
292,61
293,69
294,61
295,64
296,64
297,61
298,61
299,61
300,61
301,69
302,89
303,89
304,89
305,89
306,89
307,89
308,89
309,89
310,92
311,92
312,92
313,92
314,92
315,92
316,91
317,91
318,91
319,91
320,91
321,91
322,91
323,92
324,92
325,92
326,92
327,92
328,92
329,92
330,99
331,99
332,101
333,101
334,101
335,101
336,111
337,111
338,111
339,111
340,111
341,122
342,122
343,122
344,122
345,129
346,129
347,129
348,129
349,129
350,122
351,122
352,122
353,122
354,122
355,122
356,122
357,122
358,122
359,129
360,122
361,129
362,129
363,121
364,121
365,121
366,121
367,121
368,121
369,129
370,129
371,124
372,124
373,124
374,124
375,124
376,124
377,129
378,129
379,129
380,129
381,129
382,129
383,123
384,123
385,123
386,123
387,123
388,123
389,123
390,123
391,123
392,122
393,122
394,122
395,122
396,122
397,124
398,124
399,124
400,124
401,124
402,124
403,124
404,124
405,129
406,129
407,129
408,122
409,129
410,129
411,129
412,123
413,123
414,123
415,129
416,129
417,122
418,124
419,124
420,122
421,129
422,122
423,124
424,123
425,123
426,122
427,122
428,122
429,129
430,129
431,121
432,124
433,129
434,122
435,129
436,129
437,124
438,124
439,123
440,129
441,123
442,131
443,131
444,132
445,131
446,131
447,131
448,131
449,131
450,131
451,131
452,131
453,131
454,131
455,131
456,131
457,131
458,131
459,131
460,131
461,131
462,131
463,131
464,131
465,131
466,131
467,131
468,131
469,131
470,131
471,131
472,131
473,132
474,151
475,151
476,151
477,151
478,151
479,151
480,151
481,172
482,179
483,171
484,171
485,171
486,171
487,171
488,171
489,171
490,171
491,171
492,171
493,171
494,171
495,171
496,171
497,171
498,171
499,172
500,171
501,172
502,172
503,171
504,171
505,171
506,171
507,171
508,171
509,171
510,171
511,171
512,171
513,171
514,171
515,171
516,171
517,171
518,171
519,171
520,171
521,171
522,171
523,171
524,171
525,171
526,171
527,171
528,171
529,171
530,171
531,171
532,171
533,171
534,171
535,171
536,171
537,171
538,171
539,171
540,171
541,171
542,171
543,181
544,181
545,181
546,181
547,189
548,189
549,189
550,183
551,183
552,183
553,189
554,182
555,182
556,182
557,182
558,182
559,182
560,182
561,182
562,182
563,201
564,201
565,201
566,201
567,212
568,212
569,212
570,212
571,212
572,212
573,219
574,219
575,219
576,20
577,20
578,411
579,411
580,411
581,419
582,419
583,419
584,419
585,419
586,411
587,411
588,411
589,411
590,411
591,411
592,411
593,411
594,411
595,411
596,411
597,411
598,411
599,411
600,441
601,441
602,441
603,441
604,452
605,452
606,452
607,452
608,452
609,459
610,459
611,459
612,459
613,479
614,479
615,479
616,479
617,472
618,472
619,472
620,472
621,472
622,471
623,471
624,471
625,471
626,471
627,471
628,471
629,471
630,472
631,472
632,489
633,489
634,489
635,489
636,484
637,484
638,484
639,484
640,484
641,484
642,484
643,482
644,482
645,486
646,486
647,486
648,486
649,486
650,486
651,486
652,486
653,486
654,486
655,486
656,486
657,486
658,486
659,486
660,486
661,486
662,486
663,486
664,486
665,484
666,484
667,484
668,484
669,484
670,485
671,486
672,486
673,486
674,486
675,486
676,486
677,486
678,486
679,486
680,486
681,486
682,484
683,484
684,484
685,484
686,484
687,484
688,484
689,484
690,484
691,484
692,486
693,486
694,486
695,486
696,486
697,486
698,486
699,486
700,486
701,486
702,486
703,486
704,486
705,486
706,486
707,486
708,481
709,481
710,481
711,481
712,481
713,481
714,481
715,481
716,481
717,481
718,488
719,488
720,488
721,488
722,488
723,488
724,488
725,488
726,488
727,488
728,488
729,488
730,488
731,488
732,487
733,487
734,483
735,483
736,489
737,489
738,489
739,489
740,489
741,489
742,486
743,488
744,481
745,484
746,488
747,489
748,481
749,484
750,486
751,486
752,483
753,489
754,489
755,485
756,489
757,485
758,485
759,485
760,485
761,489
762,489
763,489
764,489
765,484
766,484
767,484
768,484
769,484
770,484
771,484
772,484
773,484
774,484
775,484
776,484
777,484
778,484
779,484
780,484
781,484
782,484
783,484
784,484
785,484
786,484
787,484
788,484
789,484
790,486
791,489
792,486
793,481
794,484
795,484
796,491
797,491
798,491
799,491
800,491
801,491
802,491
803,491
804,491
805,491
806,491
807,491
808,491
809,491
810,491
811,491
812,491
813,513
814,513
815,512
816,512
817,512
818,513
819,512
820,512
821,513
822,513
823,513
824,513
825,513
826,513
827,513
828,513
829,513
830,511
831,511
832,513
833,511
834,511
835,511
836,513
837,513
838,513
839,539
840,539
841,539
842,539
843,539
844,539
845,532
846,532
847,532
848,532
849,531
850,531
851,531
852,531
853,531
854,531
855,531
856,531
857,531
858,531
859,531
860,531
861,531
862,531
863,531
864,531
865,531
866,531
867,531
868,531
869,531
870,531
871,531
872,531
873,531
874,531
875,531
876,531
877,531
878,531
879,531
880,531
881,531
882,551
883,551
884,551
885,559
886,559
887,559
888,559
889,559
890,551
891,551
892,551
893,551
894,551
895,551
896,551
897,551
898,0
899,0
900,
901,0
902,0
903,429
904,422
905,422
906,422
907,422
908,422
909,421
910,421
911,421
912,421
913,421
914,421
915,421
916,421
917,421
918,421
919,421
920,421
921,421
922,421
923,421
924,421
925,421
926,421
927,421
928,421
929,421
930,421
931,421
932,421
933,421
934,421
935,429
936,429
937,429
938,429
939,429
940,422
941,422
942,429
943,421
944,421
945,421
946,429
947,422
948,421
949,422
950,422
951,422
952,429
953,421
954,422
955,429
956,421
957,429
958,221
959,221
960,221
961,223
962,223
963,229
964,223
965,223
966,223
967,229
968,229
969,229
970,242
971,242
972,241
973,241
974,241
975,241
976,241
977,241
978,241
979,241
980,241
981,241
982,241
983,241
984,241
985,241
986,241
987,241
988,242
989,242
990,242
991,242
992,242
993,242
994,242
995,242
996,242
997,242
998,242
999,242
1000,242
1001,242
1002,241
1003,241
1004,241
1005,241
1006,251
1007,251
1008,251
1009,251
1010,251
1011,251
1012,251
1013,251
1014,251
1015,251
1016,251
1017,251
1018,251
1019,251
1020,251
1021,251
1022,251
1023,251
1024,251
1025,251
1026,251
1027,259
1028,251
1029,251
1030,251
1031,251
1032,251
1033,251
1034,251
1035,251
1036,251
1037,251
1038,251
1039,251
1040,251
1041,251
1042,251
1043,251
1044,251
1045,251
1046,251
1047,251
1048,251
1049,251
1050,251
1051,251
1052,269
1053,261
1054,262
1055,262
1056,262
1057,262
1058,262
1059,262
1060,269
1061,269
1062,269
1063,261
1064,261
1065,261
1066,261
1067,261
1068,261
1069,261
1070,261
1071,261
1072,261
1073,261
1074,261
1075,261
1076,261
1077,261
1078,261
1079,261
1080,261
1081,261
1082,261
1083,261
1084,261
1085,261
1086,261
1087,261
1088,261
1089,261
1090,261
1091,261
1092,271
1093,271
1094,271
1095,271
1096,271
1097,271
1098,271
1099,271
1100,271
1101,271
1102,271
1103,271
1104,271
1105,271
1106,271
1107,271
1108,271
1109,271
1110,271
1111,271
1112,271
1113,271
1114,291
1115,291
1116,291
1117,291
1118,291
1119,291
1120,291
1121,292
1122,292
1123,292
1124,292
1125,292
1126,292
1127,292
1128,292
1129,292
1130,292
1131,292
1132,292
1133,292
1134,292
1135,292
1136,319
1137,319
1138,311
1139,311
1140,311
1141,311
1142,321
1143,321
1144,321
1145,321
1146,321
1147,321
1148,321
1149,321
1150,321
1151,329
1152,329
1153,329
1154,321
1155,321
1156,321
1157,321
1158,341
1159,341
1160,341
1161,341
1162,341
1163,341
1164,341
1165,341
1166,341
1167,341
1168,342
1169,342
1170,341
1171,341
1172,341
1173,341
1174,341
1175,341
1176,341
1177,341
1178,341
1179,341
1180,341
1181,341
1182,341
1183,341
1184,342
1185,342
1186,342
1187,342
1188,342
1189,341
1190,341
1191,341
1192,341
1193,341
1194,341
1195,341
1196,341
1197,341
1198,342
1199,341
1200,341
1201,341
1202,341
1203,341
1204,341
1205,341
1206,341
1207,341
1208,341
1209,341
1210,341
1211,341
1212,342
1213,341
1214,341
1215,341
1216,341
1217,341
1218,342
1219,341
1220,341
1221,341
1222,341
1223,341
1224,342
1225,350
1226,350
1227,362
1228,361
1229,363
1230,363
1231,363
1232,363
1233,363
1234,363
1235,363
1236,363
1237,363
1238,363
1239,363
1240,363
1241,363
1242,363
1243,363
1244,362
1245,364
1246,363
1247,363
1248,363
1249,363
1250,363
1251,363
1252,363
1253,363
1254,363
1255,364
1256,364
1257,364
1258,364
1259,364
1260,362
1261,362
1262,362
1263,362
1264,362
1265,362
1266,363
1267,363
1268,363
1269,362
1270,363
1271,363
1272,361
1273,361
1274,361
1275,363
1276,363
1277,363
1278,363
1279,363
1280,363
1281,363
1282,363
1283,363
1284,363
1285,363
1286,363
1287,363
1288,363
1289,363
1290,363
1291,363
1292,363
1293,363
1294,363
1295,363
1296,363
1297,363
1298,363
1299,363
1300,363
1301,363
1302,363
1303,363
1304,363
1305,363
1306,363
1307,363
1308,363
1309,363
1310,363
1311,363
1312,363
1313,363
1314,363
1315,363
1316,363
1317,363
1318,363
1319,363
1320,363
1321,363
1322,363
1323,363
1324,363
1325,363
1326,363
1327,363
1328,363
1329,363
1330,363
1331,363
1332,363
1333,363
1334,363
1335,363
1336,363
1337,363
1338,363
1339,363
1340,373
1341,371
1342,373
1343,372
1344,372
1345,379
1346,372
1347,371
1348,373
1349,373
1350,373
1351,373
1352,373
1353,373
1354,373
1355,372
1356,372
1357,372
1358,379
1359,379
1360,371
1361,371
1362,371
1363,371
1364,371
1365,371
1366,371
1367,379
1368,379
1369,372
1370,373
1371,371
1372,392
1373,392
1374,392
1375,392
1376,392
1377,392
1378,392
1379,392
1380,392
1381,392
1382,392
1383,392
1384,392
1385,392
1386,392
1387,392
1388,393
1389,393
1390,393
1391,393
1392,393
1393,393
1394,393
1395,393
1396,393
1397,393
1398,393
1399,394
1400,394
1401,394
1402,394
1403,391
1404,391
1405,391
1406,391
1407,391
1408,391
1409,391
1410,391
1411,391
1412,391
1413,391
1414,391
1415,392
1416,401
1417,401
1418,401
1419,401
1420,401
1421,401
1422,230
1423,230
1424,230
1425,61
1426,64
1427,69
1428,61
1429,151
1430,182
1431,452
1432,513
1433,291
1434,342
1435,363
1436,230
1437,20
1438,20
1439,280
1440,280
1441,280
1442,229
1443,519
1444,513
1445,519
1446,489
1447,489
1448,489
1449,489
1450,489
1451,484
1452,482
1453,489
1454,489
1455,489
1456,489
1457,489
1458,489
1459,489
1460,489
1461,489
1462,489
1463,488
1464,489
1465,489
1466,489
1467,489
1468,489
1469,489
1470,488
1471,489
1472,489
1473,481
1474,489
1475,342
1476,230
1477,500
1478,500
1479,560
1480,560
1481,560
1482,560
1483,560
1484,560
1485,560
1486,560
1487,560
1488,560
1489,560
1490,500
1491,560
1492,560
1493,560
1494,500
1495,560
1496,560
1497,500
1498,500
1499,560
1500,500
1501,500
1502,500
1503,500
1504,299
1505,299
1506,299
1507,291
1508,299
1509,299
1510,299
1511,179
1512,179
1513,179
1514,179
1515,179
1516,179
1517,179
1518,179
1519,179
1520,172
1521,179
1522,172
1523,179
1524,179
1525,179
1526,179
1527,69
1528,69
1529,69
1530,491
1531,69
1532,69
1533,69
1534,373
1535,379
1536,372
1537,429
1538,379
1539,373
1540,379
1541,379
1542,379
1543,371
1544,429
1545,429
1546,379
1547,371
1548,429
1549,379
1550,429
1551,379
1552,379
1553,373
1554,372
1555,422
1556,429
1557,379
1558,379
1559,429
1560,429
1561,379
1562,423
1563,429
1564,379
1565,429
1566,422
1567,429
1568,429
1569,429
1570,379
1571,429
1572,429
1573,429
1574,379
1575,369
1576,20
1577,20
1578,20
1579,20
1580,20
1581,20
1582,20
1583,20
1584,20
1585,20
1586,280
1587,280
1588,280
1589,280
1590,223
1591,229
1592,229
1593,229
1594,222
1595,229
1596,229
1597,229
1598,229
1599,229
1600,519
1601,519
1602,519
1603,511
1604,519
1605,519
1606,484
1607,489
1608,489
1609,489
1610,489
1611,483
1612,484
1613,489
1614,489
1615,489
1616,489
1617,486
1618,489
1619,489
1620,489
1621,489
1622,489
1623,489
1624,484
1625,489
1626,489
1627,489
1628,484
1629,489
1630,489
1631,489
1632,49
1633,49
1634,230
1635,350
1636,350
1637,350
1638,560
1639,350
1640,560
1641,350
1642,230
1643,560
1644,560
1645,350
1646,350
1647,350
1648,560
1649,350
1650,350
1651,350
1652,350
1653,350
1654,350
1655,350
1656,350
1657,350
1658,350
1659,230
1660,560
1661,292
1662,249
1663,441
1664,242
1665,249
1666,299
1667,441
1668,441
1669,299
1670,299
1671,419
1672,419
1673,411
1674,419
1675,539
1676,539
1677,179
1678,179
1679,172
1680,171
1681,171
1682,0
1683,0
1684,0
1685,0
1686,0
1687,0
1688,0
1689,
1690,0
1691,0
1692,0
1693,0
1694,0
1695,0
1696,559
1697,559
1698,429
1699,559
1700,429
1701,429
1702,559
1703,429
1704,429
1705,559
1706,551
1707,559
1708,559
1709,559
1710,559
1711,559
1712,429
1713,559
1714,559
1715,559
1716,559
1717,559
1718,559
1719,559
1720,429
1721,429
1722,422
1723,429
1724,399
1725,423
1726,429
1727,429
1728,429
1729,429
1730,422
1731,429
1732,429
1733,429
1734,429
1735,429
1736,429
1737,429
1738,429
1739,422
1740,399
1741,429
1742,429
1743,423
1744,422
1745,429
1746,392
1747,20
1748,20
1749,20
1750,20
1751,20
1752,229
1753,229
1754,519
1755,512
1756,519
1757,519
1758,519
1759,489
1760,489
1761,489
1762,489
1763,489
1764,489
1765,489
1766,489
1767,489
1768,482
1769,489
1770,489
1771,489
1772,489
1773,489
1774,489
1775,489
1776,489
1777,489
1778,489
1779,380
1780,380
1781,380
1782,380
1783,380
1784,380
1785,380
1786,380
1787,380
1788,380
1789,380
1790,380
1791,380
1792,380
1793,380
1794,380
1795,380
1796,380
1797,380
1798,329
1799,49
1800,49
1801,329
1802,329
1803,49
1804,329
1805,329
1806,329
1807,329
1808,329
1809,329
1810,350
1811,350
1812,350
1813,350
1814,350
1815,350
1816,350
1817,350
1818,350
1819,350
1820,350
1821,350
1822,350
1823,249
1824,441
1825,249
1826,411
1827,419
1828,419
1829,419
1830,411
1831,419
1832,419
1833,419
1834,419
1835,411
1836,419
1837,419
1838,419
1839,419
1840,411
1841,419
1842,419
1843,419
1844,419
1845,419
1846,172
1847,179
1848,179
1849,179
1850,179
1851,179
1852,0
1853,0
1854,
1855,0
1856,0
1857,0
1858,0
1859,
1860,0
1861,0
1862,0
1863,0
1864,
1865,0
1866,0
1867,0
1868,0
1869,
1870,0
1871,0
1872,0
1873,0
1874,0
1875,0
1876,0
1877,0
1878,0
1879,
1880,0
1881,0
1882,0
1883,0
1884,0
1885,0
1886,0
1887,0
1888,0
1889,0
1890,0
1891,69
1892,139
1893,132
1894,139
1895,139
1896,139
1897,131
1898,139
1899,139
1900,139
1901,139
1902,131
1903,131
1904,139
1905,139
1906,139
1907,139
1908,139
1909,131
1910,139
1911,131
1912,131
1913,139
1914,139
1915,559
1916,559
1917,559
1918,559
1919,559
1920,559
1921,551
1922,559
1923,559
1924,559
1925,369
1926,364
1927,559
1928,559
1929,551
1930,361
1931,559
1932,361
1933,363
1934,559
1935,559
1936,369
1937,559
1938,361
1939,559
1940,369
1941,559
1942,559
1943,559
1944,559
1945,559
1946,369
1947,361
1948,369
1949,369
1950,559
1951,559
1952,559
1953,559
1954,559
1955,559
1956,559
1957,559
1958,559
1959,559
1960,559
1961,559
1962,559
1963,362
1964,559
1965,559
1966,559
1967,559
1968,559
1969,559
1970,551
1971,559
1972,369
1973,559
1974,551
1975,559
1976,551
1977,559
1978,280
1979,280
1980,280
1981,20
1982,20
1983,20
1984,20
1985,20
1986,20
1987,20
1988,280
1989,280
1990,223
1991,229
1992,229
1993,519
1994,513
1995,489
1996,489
1997,489
1998,489
1999,489
2000,489
2001,489
2002,489
2003,484
2004,484
2005,489
2006,489
2007,486
2008,489
2009,489
2010,489
2011,489
2012,489
2013,489
2014,489
2015,489
2016,489
2017,483
2018,489
2019,489
2020,486
2021,489
2022,489
2023,489
2024,50
2025,50
2026,50
2027,50
2028,50
2029,50
2030,50
2031,50
2032,50
2033,50
2034,50
2035,50
2036,50
2037,50
2038,50
2039,50
2040,50
2041,50
2042,50
2043,50
2044,50
2045,50
2046,380
2047,380
2048,380
2049,380
2050,380
2051,380
2052,380
2053,380
2054,380
2055,380
2056,380
2057,380
2058,380
2059,380
2060,380
2061,380
2062,380
2063,380
2064,380
2065,380
2066,380
2067,380
2068,380
2069,380
2070,380
2071,380
2072,380
2073,380
2074,380
2075,380
2076,209
2077,201
2078,209
2079,209
2080,209
2081,209
2082,209
2083,209
2084,201
2085,209
2086,209
2087,209
2088,209
2089,209
2090,209
2091,209
2092,209
2093,209
2094,209
2095,209
2096,201
2097,202
2098,209
2099,209
2100,209
2101,209
2102,209
2103,249
2104,249
2105,249
2106,249
2107,249
2108,319
2109,319
2110,311
2111,319
2112,319
2113,319
2114,319
2115,319
2116,419
2117,319
2118,319
2119,319
2120,319
2121,419
2122,419
2123,319
2124,319
2125,319
2126,319
2127,319
2128,319
2129,319
2130,419
2131,419
2132,319
2133,319
2134,319
2135,419
2136,319
2137,171
2138,179
2139,179
2140,172
2141,179
2142,179
2143,179
2144,179
2145,179
2146,179
2147,179
2148,179
2149,179
2150,179
2151,179
2152,179
2153,499
2154,0
2155,499
2156,0
2157,0
2158,0
2159,499
2160,0
2161,0
2162,0
2163,0
2164,
2165,0
2166,0
2167,0
2168,0
2169,0
2170,0
2171,0
2172,0
2173,0
2174,0
2175,0
2176,0
2177,0
2178,62
2179,139
2180,131
2181,139
2182,139
2183,139
2184,139
2185,139
2186,139
2187,139
2188,139
2189,139
2190,139
2191,139
2192,139
2193,369
2194,369
2195,364
2196,369
2197,361
2198,369
2199,369
2200,364
2201,369
2202,369
2203,369
2204,369
2205,369
2206,369
2207,369
2208,369
2209,364
2210,364
2211,280
2212,280
2213,280
2214,280
2215,280
2216,280
2217,280
2218,280
2219,280
2220,280
2221,280
2222,280
2223,280
2224,223
2225,229
2226,223
2227,221
2228,229
2229,223
2230,221
2231,486
2232,489
2233,489
2234,489
2235,489
2236,489
2237,489
2238,489
2239,489
2240,489
2241,489
2242,489
2243,50
2244,50
2245,50
2246,50
2247,50
2248,50
2249,50
2250,50
2251,50
2252,380
2253,50
2254,50
2255,50
2256,50
2257,50
2258,50
2259,50
2260,50
2261,409
2262,409
2263,409
2264,409
2265,380
2266,409
2267,409
2268,409
2269,409
2270,409
2271,409
2272,409
2273,409
2274,409
2275,380
2276,380
2277,409
2278,409
2279,409
2280,409
2281,409
2282,540
2283,540
2284,540
2285,540
2286,329
2287,540
2288,540
2289,329
2290,540
2291,540
2292,321
2293,540
2294,540
2295,329
2296,540
2297,540
2298,540
2299,540
2300,540
2301,540
2302,540
2303,540
2304,540
2305,540
2306,329
2307,540
2308,540
2309,540
2310,540
2311,329
2312,209
2313,209
2314,209
2315,209
2316,209
2317,201
2318,209
2319,209
2320,209
2321,209
2322,209
2323,209
2324,209
2325,209
2326,209
2327,209
2328,209
2329,202
2330,209
2331,209
2332,209
2333,209
2334,209
2335,209
2336,209
2337,209
2338,249
2339,241
2340,241
2341,249
2342,249
2343,319
2344,319
2345,319
2346,319
2347,319
2348,319
2349,319
2350,319
2351,319
2352,319
2353,319
2354,319
2355,319
2356,319
2357,319
2358,319
2359,319
2360,319
2361,319
2362,311
2363,319
2364,311
2365,319
2366,311
2367,319
2368,319
2369,311
2370,319
2371,319
2372,319
2373,319
2374,319
2375,319
2376,319
2377,319
2378,319
2379,319
2380,319
2381,319
2382,319
2383,319
2384,319
2385,319
2386,319
2387,319
2388,319
2389,319
2390,319
2391,179
2392,179
2393,179
2394,171
2395,179
2396,171
2397,179
2398,179
2399,179
2400,179
2401,179
2402,179
2403,179
2404,179
2405,179
2406,499
2407,499
2408,491
2409,69
2410,65
2411,62
2412,139
2413,132
2414,131
2415,139
2416,139
2417,139
2418,131
2419,139
2420,139
2421,139
2422,139
2423,139
2424,139
2425,139
2426,139
2427,131
2428,139
2429,131
2430,139
2431,131
2432,131
2433,139
2434,139
2435,139
2436,139
2437,139
2438,139
2439,131
2440,131
2441,139
2442,139
2443,139
2444,139
2445,139
2446,139
2447,139
2448,139
2449,361
2450,269
2451,269
2452,269
2453,269
2454,269
2455,269
2456,269
2457,269
2458,269
2459,269
2460,369
2461,269
2462,269
2463,269
2464,269
2465,269
2466,269
2467,269
2468,269
2469,369
2470,269
2471,269
2472,269
2473,262
2474,269
2475,269
2476,261
2477,269
2478,269
2479,269
2480,269
2481,269
2482,269
2483,269
2484,269
2485,364
2486,269
2487,269
2488,269
2489,269
2490,269
2491,269
2492,269
2493,261
2494,361
2495,364
2496,269
2497,269
2498,269
2499,369
2500,261
2501,269
2502,269
2503,262
2504,269
2505,262
2506,269
2507,269
2508,269
2509,269
2510,269
2511,262
2512,261
2513,269
2514,361
2515,269
2516,280
2517,280
2518,280
2519,280
2520,280
2521,280
2522,280
2523,280
2524,280
2525,229
2526,229
2527,229
2528,489
2529,489
2530,489
2531,489
2532,486
2533,489
2534,489
2535,489
2536,50
2537,50
2538,50
2539,50
2540,50
2541,50
2542,50
2543,50
2544,50
2545,50
2546,50
2547,50
2548,50
2549,50
2550,50
2551,50
2552,50
2553,50
2554,50
2555,50
2556,50
2557,50
2558,50
2559,50
2560,50
2561,50
2562,50
2563,409
2564,409
2565,409
2566,409
2567,409
2568,409
2569,409
2570,409
2571,409
2572,409
2573,409
2574,409
2575,409
2576,409
2577,409
2578,409
2579,409
2580,409
2581,409
2582,402
2583,409
2584,409
2585,409
2586,409
2587,401
2588,540
2589,540
2590,540
2591,540
2592,540
2593,540
2594,540
2595,540
2596,540
2597,540
2598,540
2599,540
2600,89
2601,540
2602,540
2603,89
2604,540
2605,540
2606,540
2607,540
2608,540
2609,89
2610,540
2611,540
2612,89
2613,540
2614,540
2615,540
2616,540
2617,540
2618,89
2619,540
2620,540
2621,540
2622,540
2623,540
2624,209
2625,209
2626,209
2627,209
2628,209
2629,209
2630,209
2631,209
2632,201
2633,201
2634,209
2635,209
2636,209
2637,209
2638,209
2639,209
2640,209
2641,209
2642,209
2643,209
2644,202
2645,202
2646,209
2647,209
2648,209
2649,209
2650,319
2651,319
2652,319
2653,319
2654,319
2655,319
2656,319
2657,319
2658,319
2659,319
2660,319
2661,319
2662,319
2663,319
2664,319
2665,179
2666,179
2667,179
2668,179
2669,179
2670,179
2671,179
2672,179
2673,179
2674,179
2675,179
2676,179
2677,171
2678,499
2679,499
2680,499
2681,491
2682,499
2683,499
2684,499
2685,491
2686,499
2687,499
2688,499
2689,499
2690,69
2691,139
2692,139
2693,139
2694,139
2695,139
2696,139
2697,131
2698,139
2699,139
2700,139
2701,139
2702,139
2703,139
2704,139
2705,139
2706,139
2707,131
2708,139
2709,139
2710,132
2711,131
2712,139
2713,393
2714,399
2715,261
2716,269
2717,394
2718,391
2719,399
2720,399
2721,399
2722,399
2723,392
2724,269
2725,399
2726,391
2727,399
2728,399
2729,399
2730,422
2731,399
2732,394
2733,399
2734,393
2735,399
2736,399
2737,399
2738,399
2739,269
2740,262
2741,393
2742,399
2743,269
2744,399
2745,269
2746,269
2747,399
2748,393
2749,392
2750,269
2751,269
2752,262
2753,269
2754,399
2755,393
2756,393
2757,269
2758,269
2759,399
2760,429
2761,269
2762,399
2763,20
2764,20
2765,280
2766,280
2767,280
2768,280
2769,280
2770,280
2771,280
2772,280
2773,280
2774,280
2775,280
2776,280
2777,229
2778,229
2779,229
2780,221
2781,223
2782,229
2783,519
2784,519
2785,519
2786,519
2787,519
2788,519
2789,519
2790,511
2791,484
2792,489
2793,489
2794,489
2795,483
2796,489
2797,489
2798,489
2799,486
2800,489
2801,489
2802,489
2803,489
2804,489
2805,489
2806,50
2807,101
2808,341
2809,50
2810,342
2811,50
2812,429
2813,50
2814,109
2815,50
2816,50
2817,50
2818,50
2819,401
2820,300
2821,409
2822,300
2823,409
2824,409
2825,402
2826,409
2827,409
2828,409
2829,409
2830,409
2831,409
2832,402
2833,409
2834,409
2835,409
2836,401
2837,402
2838,402
2839,402
2840,409
2841,401
2842,401
2843,401
2844,402
2845,409
2846,409
2847,409
2848,402
2849,402
2850,401
2851,409
2852,89
2853,89
2854,89
2855,89
2856,89
2857,89
2858,89
2859,89
2860,81
2861,89
2862,89
2863,89
2864,89
2865,89
2866,89
2867,89
2868,89
2869,89
2870,89
2871,89
2872,89
2873,89
2874,89
2875,209
2876,209
2877,209
2878,209
2879,209
2880,209
2881,209
2882,209
2883,209
2884,209
2885,209
2886,209
2887,209
2888,209
2889,209
2890,209
2891,531
2892,539
2893,531
2894,539
2895,539
2896,242
2897,539
2898,539
2899,539
2900,319
2901,319
2902,319
2903,319
2904,319
2905,179
2906,179
2907,499
2908,499
2909,69
2910,69
2911,69
2912,499
2913,69
2914,69
2915,131
2916,259
2917,139
2918,139
2919,131
2920,139
2921,139
2922,219
2923,219
2924,139
2925,219
2926,219
2927,219
2928,139
2929,139
2930,132
2931,219
2932,219
2933,219
2934,212
2935,139
2936,139
2937,131
2938,139
2939,139
2940,219
2941,219
2942,139
2943,139
2944,131
2945,131
2946,139
2947,131
2948,139
2949,139
2950,259
2951,259
2952,139
2953,139
2954,131
2955,211
2956,131
2957,139
2958,139
2959,211
2960,139
2961,139
2962,219
2963,219
2964,219
2965,219
2966,139
2967,219
2968,139
2969,219
2970,219
2971,219
2972,219
2973,219
2974,219
2975,219
2976,211
2977,219
2978,219
2979,139
2980,139
2981,219
2982,219
2983,219
2984,219
2985,219
2986,219
2987,219
2988,219
2989,219
2990,219
2991,219
2992,219
2993,212
2994,212
2995,219
2996,219
2997,219
2998,219
2999,219
3000,219
3001,139
3002,212
3003,219
3004,139
3005,139
3006,212
3007,219
3008,219
3009,212
3010,219
3011,219
3012,211
3013,139
3014,219
3015,219
3016,139
3017,132
3018,219
3019,219
3020,219
3021,219
3022,219
3023,139
3024,139
3025,139
3026,219
3027,219
3028,219
3029,131
3030,131
3031,139
3032,131
3033,139
3034,131
3035,139
3036,212
3037,212
3038,219
3039,219
3040,131
3041,219
3042,219
3043,219
3044,131
3045,219
3046,219
3047,139
3048,139
3049,219
3050,219
3051,211
3052,394
3053,399
3054,399
3055,129
3056,399
3057,394
3058,129
3059,399
3060,399
3061,393
3062,392
3063,392
3064,393
3065,129
3066,129
3067,122
3068,129
3069,399
3070,393
3071,393
3072,394
3073,399
3074,129
3075,399
3076,129
3077,399
3078,393
3079,393
3080,392
3081,393
3082,391
3083,399
3084,399
3085,393
3086,399
3087,399
3088,399
3089,393
3090,393
3091,399
3092,392
3093,399
3094,394
3095,392
3096,399
3097,399
3098,399
3099,399
3100,280
3101,488
3102,280
3103,280
3104,280
3105,280
3106,280
3107,280
3108,280
3109,280
3110,280
3111,280
3112,229
3113,223
3114,229
3115,229
3116,229
3117,229
3118,229
3119,519
3120,519
3121,519
3122,519
3123,511
3124,519
3125,519
3126,519
3127,519
3128,511
3129,512
3130,519
3131,511
3132,519
3133,519
3134,519
3135,511
3136,519
3137,519
3138,519
3139,519
3140,511
3141,519
3142,519
3143,519
3144,519
3145,519
3146,519
3147,519
3148,519
3149,519
3150,519
3151,513
3152,513
3153,519
3154,519
3155,519
3156,489
3157,489
3158,489
3159,489
3160,482
3161,489
3162,489
3163,489
3164,484
3165,489
3166,489
3167,489
3168,489
3169,489
3170,489
3171,489
3172,485
3173,489
3174,489
3175,489
3176,489
3177,484
3178,489
3179,160
3180,160
3181,300
3182,160
3183,300
3184,160
3185,300
3186,300
3187,300
3188,160
3189,300
3190,300
3191,160
3192,160
3193,160
3194,300
3195,300
3196,300
3197,300
3198,300
3199,160
3200,160
3201,300
3202,300
3203,160
3204,300
3205,300
3206,300
3207,300
3208,300
3209,300
3210,300
3211,160
3212,160
3213,300
3214,300
3215,300
3216,300
3217,300
3218,300
3219,300
3220,300
3221,160
3222,300
3223,300
3224,300
3225,160
3226,300
3227,300
3228,300
3229,160
3230,300
3231,300
3232,300
3233,300
3234,300
3235,300
3236,300
3237,300
3238,300
3239,300
3240,300
3241,300
3242,300
3243,160
3244,300
3245,300
3246,300
3247,160
3248,300
3249,300
3250,300
3251,160
3252,160
3253,89
3254,89
3255,89
3256,89
3257,81
3258,89
3259,89
3260,89
3261,89
3262,89
3263,89
3264,89
3265,81
3266,89
3267,89
3268,89
3269,89
3270,89
3271,299
3272,291
3273,299
3274,299
3275,201
3276,209
3277,299
3278,299
3279,299
3280,299
3281,292
3282,291
3283,299
3284,299
3285,299
3286,292
3287,299
3288,299
3289,299
3290,291
3291,299
3292,299
3293,299
3294,209
3295,299
3296,299
3297,209
3298,202
3299,209
3300,299
3301,299
3302,299
3303,299
3304,299
3305,299
3306,299
3307,291
3308,201
3309,299
3310,532
3311,539
3312,531
3313,539
3314,539
3315,539
3316,539
3317,539
3318,539
3319,92
3320,99
3321,91
3322,64
3323,62
3324,451
3325,219
3326,452
3327,452
3328,459
3329,459
3330,452
3331,19
3332,19
3333,19
3334,452
3335,459
3336,459
3337,159
3338,452
3339,211
3340,19
3341,219
3342,219
3343,219
3344,219
3345,219
3346,459
3347,159
3348,159
3349,219
3350,219
3351,19
3352,12
3353,459
3354,219
3355,19
3356,19
3357,19
3358,19
3359,19
3360,19
3361,19
3362,11
3363,11
3364,19
3365,219
3366,19
3367,19
3368,19
3369,19
3370,11
3371,459
3372,219
3373,11
3374,219
3375,19
3376,339
3377,19
3378,459
3379,219
3380,19
3381,212
3382,219
3383,19
3384,219
3385,219
3386,212
3387,219
3388,219
3389,459
3390,459
3391,19
3392,19
3393,459
3394,219
3395,159
3396,219
3397,219
3398,19
3399,19
3400,451
3401,219
3402,19
3403,219
3404,219
3405,19
3406,19
3407,19
3408,331
3409,219
3410,19
3411,19
3412,219
3413,19
3414,19
3415,19
3416,459
3417,219
3418,19
3419,459
3420,19
3421,19
3422,19
3423,339
3424,211
3425,11
3426,219
3427,219
3428,11
3429,19
3430,19
3431,219
3432,11
3433,459
3434,452
3435,211
3436,11
3437,459
3438,459
3439,459
3440,459
3441,459
3442,219
3443,19
3444,19
3445,19
3446,459
3447,19
3448,219
3449,459
3450,459
3451,452
3452,459
3453,459
3454,459
3455,459
3456,459
3457,19
3458,19
3459,11
3460,19
3461,219
3462,19
3463,19
3464,459
3465,459
3466,19
3467,19
3468,19
3469,129
3470,129
3471,129
3472,129
3473,129
3474,122
3475,121
3476,121
3477,129
3478,129
3479,121
3480,129
3481,129
3482,129
3483,129
3484,129
3485,129
3486,129
3487,129
3488,129
3489,129
3490,129
3491,124
3492,129
3493,123
3494,129
3495,122
3496,129
3497,121
3498,123
3499,129
3500,129
3501,121
3502,369
3503,129
3504,129
3505,129
3506,20
3507,20
3508,280
3509,280
3510,280
3511,280
3512,280
3513,280
3514,280
3515,280
3516,280
3517,280
3518,280
3519,280
3520,280
3521,280
3522,229
3523,221
3524,229
3525,221
3526,229
3527,229
3528,229
3529,229
3530,221
3531,512
3532,519
3533,519
3534,513
3535,511
3536,519
3537,519
3538,511
3539,511
3540,519
3541,511
3542,512
3543,512
3544,512
3545,519
3546,519
3547,519
3548,513
3549,519
3550,519
3551,484
3552,486
3553,489
3554,489
3555,341
3556,460
3557,460
3558,460
3559,460
3560,460
3561,460
3562,460
3563,160
3564,160
3565,160
3566,460
3567,460
3568,460
3569,160
3570,160
3571,460
3572,160
3573,460
3574,460
3575,460
3576,460
3577,460
3578,160
3579,460
3580,460
3581,460
3582,460
3583,460
3584,160
3585,160
3586,460
3587,160
3588,160
3589,160
3590,160
3591,460
3592,460
3593,160
3594,160
3595,160
3596,160
3597,160
3598,160
3599,160
3600,160
3601,460
3602,460
3603,160
3604,460
3605,89
3606,89
3607,81
3608,89
3609,89
3610,89
3611,81
3612,81
3613,291
3614,299
3615,299
3616,299
3617,299
3618,299
3619,291
3620,299
3621,299
3622,299
3623,299
3624,299
3625,299
3626,299
3627,299
3628,299
3629,299
3630,291
3631,299
3632,299
3633,171
3634,179
3635,179
3636,179
3637,179
3638,179
3639,179
3640,179
3641,91
3642,179
3643,62
3644,69
3645,479
3646,189
3647,190
3648,472
3649,189
3650,182
3651,473
3652,479
3653,473
3654,479
3655,479
3656,189
3657,479
3658,189
3659,473
3660,479
3661,479
3662,479
3663,190
3664,190
3665,190
3666,190
3667,471
3668,189
3669,190
3670,190
3671,190
3672,190
3673,479
3674,479
3675,479
3676,472
3677,190
3678,190
3679,190
3680,190
3681,190
3682,190
3683,472
3684,473
3685,190
3686,189
3687,479
3688,190
3689,190
3690,479
3691,189
3692,479
3693,472
3694,479
3695,190
3696,472
3697,479
3698,472
3699,189
3700,479
3701,472
3702,479
3703,181
3704,189
3705,473
3706,479
3707,190
3708,479
3709,189
3710,479
3711,472
3712,182
3713,189
3714,189
3715,479
3716,473
3717,479
3718,479
3719,479
3720,190
3721,479
3722,190
3723,182
3724,181
3725,190
3726,190
3727,190
3728,473
3729,189
3730,182
3731,183
3732,479
3733,189
3734,190
3735,182
3736,479
3737,471
3738,189
3739,183
3740,479
3741,473
3742,189
3743,189
3744,472
3745,479
3746,189
3747,189
3748,189
3749,479
3750,182
3751,479
3752,479
3753,183
3754,190
3755,473
3756,190
3757,190
3758,190
3759,190
3760,190
3761,190
3762,190
3763,190
3764,331
3765,331
3766,190
3767,190
3768,190
3769,331
3770,190
3771,190
3772,190
3773,190
3774,190
3775,190
3776,190
3777,190
3778,190
3779,190
3780,190
3781,190
3782,190
3783,190
3784,190
3785,190
3786,190
3787,190
3788,190
3789,190
3790,190
3791,190
3792,339
3793,190
3794,190
3795,190
3796,190
3797,190
3798,339
3799,339
3800,190
3801,190
3802,190
3803,190
3804,190
3805,190
3806,190
3807,190
3808,190
3809,190
3810,190
3811,190
3812,190
3813,190
3814,190
3815,190
3816,190
3817,190
3818,190
3819,190
3820,190
3821,190
3822,190
3823,190
3824,190
3825,190
3826,190
3827,190
3828,190
3829,190
3830,190
3831,190
3832,190
3833,280
3834,280
3835,280
3836,280
3837,280
3838,280
3839,280
3840,229
3841,229
3842,229
3843,229
3844,221
3845,229
3846,229
3847,221
3848,519
3849,519
3850,519
3851,519
3852,512
3853,512
3854,519
3855,519
3856,519
3857,513
3858,511
3859,519
3860,519
3861,513
3862,519
3863,512
3864,519
3865,489
3866,489
3867,484
3868,489
3869,486
3870,489
3871,489
3872,483
3873,489
3874,489
3875,489
3876,489
3877,489
3878,489
3879,488
3880,341
3881,460
3882,460
3883,460
3884,460
3885,460
3886,460
3887,460
3888,460
3889,460
3890,460
3891,460
3892,460
3893,460
3894,460
3895,460
3896,460
3897,460
3898,49
3899,460
3900,460
3901,460
3902,42
3903,49
3904,460
3905,460
3906,460
3907,460
3908,460
3909,460
3910,460
3911,460
3912,460
3913,460
3914,460
3915,460
3916,460
3917,460
3918,460
3919,460
3920,460
3921,460
3922,460
3923,89
3924,299
3925,299
3926,299
3927,299
3928,299
3929,299
3930,299
3931,299
3932,299
3933,299
3934,291
3935,299
3936,299
3937,299
3938,299
3939,539
3940,539
3941,539
3942,179
3943,179
3944,179
3945,491
3946,69
3947,499
3948,491
3949,69
3950,69
3951,69
3952,62
3953,479
3954,279
3955,479
3956,479
3957,182
3958,472
3959,183
3960,189
3961,189
3962,479
3963,279
3964,271
3965,279
3966,271
3967,279
3968,279
3969,472
3970,279
3971,479
3972,181
3973,189
3974,279
3975,189
3976,473
3977,279
3978,279
3979,279
3980,189
3981,479
3982,189
3983,189
3984,189
3985,182
3986,189
3987,271
3988,479
3989,189
3990,479
3991,473
3992,479
3993,189
3994,479
3995,189
3996,479
3997,189
3998,189
3999,189
4000,183
4001,479
4002,479
4003,189
4004,472
4005,182
4006,479
4007,182
4008,279
4009,479
4010,279
4011,479
4012,189
4013,472
4014,189
4015,189
4016,479
4017,472
4018,479
4019,479
4020,182
4021,279
4022,189
4023,271
4024,189
4025,189
4026,479
4027,189
4028,189
4029,183
4030,479
4031,183
4032,182
4033,189
4034,479
4035,189
4036,189
4037,189
4038,189
4039,189
4040,473
4041,479
4042,479
4043,182
4044,189
4045,189
4046,181
4047,189
4048,189
4049,479
4050,182
4051,189
4052,472
4053,189
4054,479
4055,189
4056,182
4057,189
4058,479
4059,280
4060,280
4061,222
4062,229
4063,519
4064,519
4065,519
4066,511
4067,519
4068,519
4069,519
4070,519
4071,511
4072,519
4073,513
4074,511
4075,512
4076,519
4077,481
4078,486
4079,489
4080,489
4081,489
4082,519
4083,519
4084,512
4085,489
4086,519
4087,519
4088,512
4089,519
4090,519
4091,488
4092,483
4093,489
4094,489
4095,489
4096,489
4097,519
4098,489
4099,489
4100,489
4101,489
4102,489
4103,489
4104,489
4105,489
4106,489
4107,489
4108,489
4109,484
4110,489
4111,489
4112,481
4113,489
4114,489
4115,489
4116,489
4117,489
4118,489
4119,489
4120,489
4121,489
4122,484
4123,489
4124,489
4125,488
4126,489
4127,489
4128,489
4129,484
4130,489
4131,489
4132,489
4133,489
4134,488
4135,49
4136,49
4137,49
4138,49
4139,500
4140,230
4141,230
4142,230
4143,500
4144,500
4145,230
4146,230
4147,500
4148,230
4149,230
4150,230
4151,230
4152,299
4153,299
4154,299
4155,299
4156,299
4157,292
4158,299
4159,299
4160,299
4161,299
4162,299
4163,299
4164,299
4165,299
4166,299
4167,299
4168,291
4169,299
4170,299
4171,299
4172,299
4173,299
4174,299
4175,299
4176,299
4177,299
4178,299
4179,299
4180,299
4181,539
4182,532
4183,539
4184,531
4185,539
4186,539
4187,539
4188,539
4189,172
4190,179
4191,179
4192,179
4193,179
4194,172
4195,179
4196,179
4197,69
4198,69
4199,69
4200,379
4201,379
4202,279
4203,279
4204,379
4205,279
4206,279
4207,271
4208,379
4209,279
4210,279
4211,379
4212,279
4213,271
4214,279
4215,379
4216,379
4217,373
4218,372
4219,279
4220,379
4221,279
4222,372
4223,379
4224,373
4225,379
4226,279
4227,279
4228,279
4229,279
4230,279
4231,371
4232,279
4233,379
4234,379
4235,279
4236,279
4237,279
4238,379
4239,379
4240,279
4241,379
4242,279
4243,279
4244,279
4245,279
4246,379
4247,379
4248,379
4249,379
4250,379
4251,379
4252,279
4253,271
4254,279
4255,379
4256,279
4257,279
4258,371
4259,371
4260,279
4261,373
4262,279
4263,379
4264,379
4265,379
4266,379
4267,379
4268,279
4269,279
4270,379
4271,379
4272,271
4273,379
4274,372
4275,379
4276,379
4277,279
4278,271
4279,379
4280,379
4281,379
4282,379
4283,372
4284,379
4285,379
4286,279
4287,379
4288,372
4289,279
4290,279
4291,279
4292,279
4293,279
4294,279
4295,271
4296,271
4297,373
4298,373
4299,379
4300,379
4301,279
4302,271
4303,279
4304,379
4305,379
4306,279
4307,271
4308,279
4309,379
4310,371
4311,379
4312,371
4313,279
4314,279
4315,279
4316,279
4317,379
4318,379
4319,379
4320,279
4321,379
4322,379
4323,279
4324,279
4325,379
4326,372
4327,271
4328,379
4329,373
4330,379
4331,279
4332,279
4333,279
4334,350
4335,423
4336,429
4337,41
4338,261
4339,369
4340,223
4341,392
4342,81
4343,81
4344,202
4345,81
4346,19
4347,122
4348,160
4349,81
4350,81
4351,473
4352,190
4353,81
4354,423
4355,280
4356,559
4357,
4358,369
4359,369
4360,402
4361,392
4362,399
4363,409
4364,209
4365,539
4366,259
4367,123
4368,399
4369,280
4370,519
4371,459
4372,451
4373,331
4374,19
4375,459
4376,19
4377,123
4378,160
4379,299
4380,279
4381,251
4382,279
4383,300
4384,20
4385,159
4386,69
4387,123
4388,12
4389,280
4390,486
4391,486
4392,489
4393,485
4394,350
4395,81
4396,81
4397,279
4398,559
4399,559
4400,559
4401,269
4402,269
4403,269
4404,269
4405,269
4406,269
4407,269
4408,269
4409,269
4410,261
4411,179
4412,171
4413,179
4414,179
4415,230
4416,230
4417,230
4418,230
4419,230
4420,230
4421,230
4422,230
4423,339
4424,339
4425,331
4426,331
4427,331
4428,500
4429,500
4430,500
4431,500
4432,500
4433,500
4434,369
4435,369
4436,369
4437,369
4438,369
4439,361
4440,369
4441,369
4442,369
4443,251
4444,251
4445,441
4446,99
4447,91
4448,92
4449,341
4450,342
4451,342
4452,421
4453,429
4454,429
4455,249
4456,513
4457,540
4458,373
4459,372
4460,49
4461,49
4462,49
4463,49
4464,49
4465,49
4466,41
4467,321
4468,300
4469,300
4470,63
4471,61
4472,61
4473,61
4474,61
4475,61
4476,61
4477,61
4478,61
4479,61
4480,61
4481,61
4482,61
4483,69
4484,61
4485,61
4486,61
4487,419
4488,419
4489,411
4490,539
4491,539
4492,539
4493,539
4494,539
4495,539
4496,539
4497,539
4498,419
4499,419
4500,419
4501,419
4502,419
4503,419
4504,419
4505,419
4506,419
4507,419
4508,419
4509,69
4510,69
4511,69
4512,69
4513,69
4514,69
4515,69
4516,69
4517,69
4518,69
4519,69
4520,64
4521,64
4522,64
4523,64
4524,64
4525,62
4526,62
4527,62
4528,62
4529,62
4530,64
4531,64
4532,64
4533,64
4534,64
4535,64
4536,64
4537,64
4538,69
4539,69
4540,69
4541,69
4542,69
4543,64
4544,64
4545,64
4546,69
4547,69
4548,69
4549,69
4550,69
4551,64
4552,64
4553,69
4554,69
4555,69
4556,69
4557,69
4558,69
4559,69
4560,69
4561,69
4562,69
4563,69
4564,69
4565,69
4566,69
4568,0
4569,0
